,top1,top10,top2,top3,top4,top5,top6,top7,top8,top9
0,0.6714285714285714,0.5771428571428572,0.6375,0.65515873015873,0.6729166666666667,0.6802380952380953,0.665079365079365,0.6568027210884354,0.6244047619047619,0.5916666666666667
1,0.05732735300509802,0.4864950254126832,0.10155018732099992,0.1638564494524725,0.23266032772441833,0.30209558354738464,0.3517584067739822,0.40173412973312245,0.435839124350421,0.4568183828754782
2,0.10393764691867087,0.4890104133505332,0.1706495949612889,0.2507819828915619,0.32615637264276404,0.38931521057081175,0.42720409862265857,0.4635511315586304,0.4747608211683971,0.47668463501581737
3,0.008908693264035863,0.08549060519557049,0.015708977511354985,0.024134389297466446,0.029044869592891584,0.034151882195859004,0.04169963691588065,0.04908572825833969,0.06298889170940854,0.07539923931816844
4,0.6714285714285714,0.7618055555555555,0.6976190476190476,0.7257936507936509,0.7475198412698413,0.7618055555555555,0.7618055555555555,0.7618055555555555,0.7618055555555555,0.7618055555555555
5,0.6714285714285714,0.7954069318159122,0.7238095238095239,0.763957029893711,0.7945157136929708,0.8131552039711089,0.8028223581134063,0.7995440174328737,0.7966580514263328,0.796520539621417
6,0.524209329870531,0.7061122415488167,0.5430066150138143,0.5697722337733211,0.6013336879378196,0.6331004497101147,0.6546419852479592,0.676401587331084,0.6881053878053318,0.6947526285015333
