,top1,top10,top2,top3,top4,top5,top6,top7,top8,top9
0,0.6357142857142857,0.5351190476190477,0.6357142857142857,0.6543650793650793,0.6285714285714286,0.6207142857142858,0.5946428571428571,0.5790816326530612,0.5672619047619047,0.56005291005291
1,0.07282608544541354,0.4634519454197106,0.14192506466372082,0.20865631901430326,0.2562665629535527,0.30182834951702037,0.33905311020313944,0.37569064561453336,0.4086873496933942,0.445583057818318
2,0.12436045493076457,0.45609341122513514,0.21458098724891178,0.28934393842442535,0.33060657574965874,0.3697318250055116,0.3938247640392949,0.416437818172129,0.4349958748761106,0.4558575692572532
3,0.0066097510908543905,0.08408846392049038,0.013155357995552227,0.01868055077317317,0.026663530744062244,0.03400542729151274,0.04382534975448916,0.05327128958245352,0.06258864216811291,0.07164549860128833
4,0.6357142857142857,0.7112103174603175,0.6970238095238095,0.702579365079365,0.7070436507936507,0.7070436507936507,0.7070436507936507,0.7070436507936507,0.7112103174603175,0.7112103174603175
5,0.6357142857142857,0.7518828614243019,0.7583333333333333,0.735896128652214,0.7435031522525479,0.739327139771585,0.7395151250092435,0.7403902615494664,0.752741208347137,0.7532155623328736
6,0.5331081671772796,0.6978131741789796,0.5644159884550598,0.5950864747481939,0.6154527563038344,0.6351915146463348,0.6499203592906657,0.6645822671952654,0.6776784086379978,0.6925764633747828
