,top1,top10,top2,top3,top4,top5,top6,top7,top8,top9
0,0.8107142857142857,0.5617857142857143,0.6994047619047619,0.7154761904761905,0.6708333333333334,0.6471428571428571,0.6283730158730159,0.6054421768707483,0.5922619047619048,0.5804232804232804
1,0.08328509811030857,0.4459669825602236,0.12430988047815852,0.19042536579385427,0.2291668899452663,0.2720269897734337,0.3104450739427923,0.3453472683865837,0.38319982812188336,0.4210943582414718
2,0.1459003662169165,0.4700085986049528,0.20144498304659292,0.2848815905870775,0.3227681414351077,0.360021132245897,0.39067083006932624,0.41437742314933745,0.43935349017694236,0.46148651258624385
3,0.003379147517692228,0.0915832632080922,0.010532377430457018,0.015056124678585761,0.023525029036698567,0.031575313570807145,0.03997323119642002,0.05572835040734605,0.06802258512554796,0.08063722583527945
4,0.8107142857142857,0.8430555555555556,0.8196428571428571,0.8430555555555556,0.8430555555555556,0.8430555555555556,0.8430555555555556,0.8430555555555556,0.8430555555555556,0.8430555555555556
5,0.8107142857142857,0.8289098997485953,0.8285714285714286,0.8531151123469423,0.8488500213919954,0.8430718863008866,0.8390730078358923,0.8386186861442756,0.8320518464936307,0.8299950198997966
6,0.539952975296308,0.6838675682248516,0.5572470817241335,0.587993631169781,0.6037824169061227,0.6216811339399907,0.6373820290624812,0.6481374407035108,0.6617614877187049,0.6752816920217597
