,top1,top10,top2,top3,top4,top5,top6,top7,top8,top9
0,0.03333333333333333,0.0919047619047619,0.04166666666666667,0.06190476190476191,0.05892857142857143,0.07095238095238095,0.07361111111111111,0.07551020408163264,0.0787202380952381,0.08518518518518517
1,0.000529100529100529,0.05861326914196115,0.005224867724867725,0.012964287185644251,0.014604498825855891,0.02594078438349851,0.029402708510745217,0.03286463263799193,0.04120848785684715,0.0467126568435212
2,0.0010416666666666667,0.05720513531633249,0.007606837606837606,0.017498381928528987,0.018734580610352127,0.02970121381886088,0.03308474763934064,0.03641215756028999,0.04192978988197728,0.04771803449647253
3,0.01839438780022979,0.17941032740348428,0.036496377939640876,0.05333735431803819,0.07141727670946295,0.08793914602533216,0.10796125048617336,0.12798335494701454,0.14482984141486024,0.1607372242609798
4,0.03333333333333333,0.09123677248677249,0.04166666666666667,0.06468253968253967,0.06884920634920634,0.07218253968253968,0.07813492063492063,0.07813492063492063,0.08438492063492063,0.08623677248677249
5,0.03333333333333333,0.15329359242720095,0.05,0.09356419727041017,0.1018975306037435,0.09908638467348616,0.1128899856976071,0.1134270898437883,0.13053928348380126,0.137051700153641
6,0.4910673563644353,0.43871117887526817,0.4843276951850111,0.47967339711013796,0.47152867956308575,0.4686444230237675,0.4605286765933916,0.45241293016301565,0.44787234635286693,0.44252053703391747
