,top1,top10,top2,top3,top4,top5,top6,top7,top8,top9
0,0.9333333333333333,0.5482142857142857,0.8630952380952381,0.7865079365079365,0.7354166666666667,0.6957142857142857,0.6609126984126985,0.6301020408163265,0.5946428571428571,0.5574074074074074
1,0.11218721451242497,0.5106426091422913,0.19639823854865945,0.2525771764935973,0.3028599504173712,0.3534666716213616,0.4001930073378237,0.4295669700875554,0.4505286146271746,0.4727223261300967
2,0.18994941452894076,0.4735735181934597,0.2934757688457611,0.34703543674092363,0.3871387296740304,0.4222911888764519,0.4457959509365198,0.4571540343595184,0.45868688815450953,0.45720971009878913
3,0.0011715291284616096,0.08157381325310441,0.004642249014154239,0.010983670770927677,0.018328007338238427,0.02694682169170038,0.03621410548410632,0.04604865527736322,0.05782813022719255,0.07178443629232266
4,0.9333333333333333,0.9455555555555555,0.9333333333333333,0.9388888888888889,0.9388888888888889,0.9455555555555555,0.9455555555555555,0.9455555555555555,0.9455555555555555,0.9455555555555555
5,0.9333333333333333,0.8998106662122949,0.9333333333333333,0.937697658452382,0.9366252619855058,0.9242434910321846,0.915938812353877,0.9110375558665228,0.9087870627168737,0.9041141119264472
6,0.5555078426919817,0.7265151172209225,0.5961081328043575,0.621733441563413,0.6440705876455524,0.6660234639734842,0.6858817281403353,0.6975507102112974,0.7046164856804412,0.7112608491387895
