,top1,top10,top2,top3,top4,top5,top6,top7,top8,top9
0,0.5142857142857142,0.5047619047619047,0.4964285714285714,0.501984126984127,0.5095238095238095,0.521904761904762,0.5273809523809524,0.523639455782313,0.5229166666666667,0.5146825396825397
1,0.05060386322319131,0.45111218888521976,0.10003645148478509,0.15560063216829387,0.207116553763221,0.25673193308995873,0.30148859204682815,0.340582837414932,0.3834755693493795,0.41657663461716044
2,0.08761209576305058,0.43622953543535803,0.1538608393412639,0.2145818132946532,0.2655162719513718,0.3110131684607682,0.34806817720331124,0.37593826399749214,0.4041249085408587,0.4217847023479257
3,0.008551386789295895,0.0902402616799867,0.018055323873247348,0.02678927915273424,0.035400556453939705,0.04327105549550994,0.05132507325508164,0.060525853126932705,0.06937140712788224,0.07945157573738706
4,0.5142857142857142,0.5699007936507936,0.5142857142857142,0.5198412698412698,0.5421626984126984,0.5600198412698413,0.5600198412698413,0.5624007936507937,0.5665674603174603,0.5665674603174603
5,0.5142857142857142,0.6478479882914018,0.5142857142857142,0.5215059401211742,0.5650577159842692,0.6004889990173701,0.600454054952955,0.6125322086241849,0.6289229873387926,0.633731147364363
6,0.5210262382169477,0.6836497119146763,0.5410061801679472,0.5643255552275678,0.5857835238319189,0.6067230259196887,0.6253418511835602,0.6408739935685644,0.6582548218707702,0.6707977012222088
