,top1,top10,top2,top3,top4,top5,top6,top7,top8,top9
0,0.8988095238095237,0.5661904761904762,0.8208333333333334,0.7714285714285714,0.7026785714285714,0.6726190476190477,0.6238095238095238,0.6158163265306122,0.5928571428571427,0.5883597883597884
1,0.10439951609972656,0.520470094690747,0.1756618221872431,0.2351086520842834,0.2883445118655549,0.3389208722410034,0.3626412280237406,0.405851461392831,0.43258390920325357,0.4886194286696889
2,0.17764782722735348,0.4859439149392831,0.2679202132902055,0.3305214414769284,0.3690639334526609,0.4050997207326028,0.41152226039280626,0.43936663111210994,0.4495253113937787,0.4775767755154397
3,0.0017565044979197379,0.07766599796211517,0.006154551529159851,0.011845252447393474,0.02096281450944374,0.0289549096342322,0.04012749626165596,0.04758053971088223,0.05758140228775957,0.06562628176367873
4,0.8988095238095237,0.9219047619047619,0.9160714285714286,0.9160714285714286,0.9202380952380953,0.9202380952380953,0.9202380952380953,0.9202380952380953,0.9202380952380953,0.9202380952380953
5,0.8988095238095237,0.8555394668311875,0.9333333333333333,0.9238868925021265,0.9153632722114513,0.8950867554133402,0.8923985995568544,0.8850954301862439,0.8845975631297649,0.8758475281768351
6,0.5513215058009034,0.7301941842294095,0.5850310175299069,0.6123829636539273,0.6351130129893281,0.6571781370301589,0.6653775326387571,0.6841214178762338,0.6943733904581257,0.718322533249438
