,top1,top10,top2,top3,top4,top5,top6,top7,top8,top9
0,0.15476190476190477,0.12023809523809526,0.18214285714285713,0.18968253968253967,0.16815476190476192,0.15523809523809523,0.14087301587301587,0.1302721088435374,0.12678571428571428,0.12195767195767197
1,0.01791293331076096,0.10522695912620585,0.03588714113132584,0.06175311677012914,0.06981022850371146,0.07511840412438708,0.0793677427487257,0.08591536179634475,0.09293080686326041,0.0975742026831268
2,0.028269644846242586,0.08832590272250622,0.051992456319630106,0.07717143769013973,0.0805361473295438,0.08184702604558855,0.08118344983885194,0.08208212359024564,0.08436239745401528,0.08540220325675343
3,0.01588324290554198,0.16589582256690277,0.030597021543176398,0.045457130583903695,0.06242676882695609,0.07935272122612796,0.09705324643733389,0.11483472375623213,0.13168215704898112,0.149030021927688
4,0.15476190476190477,0.24976190476190477,0.21666666666666667,0.2392857142857143,0.2392857142857143,0.24976190476190477,0.24976190476190477,0.24976190476190477,0.24976190476190477,0.24976190476190477
5,0.15476190476190477,0.30519228809994026,0.2785714285714286,0.31193807816114216,0.29845335834922343,0.3207240017233346,0.3176783450089826,0.31309963556792536,0.30976076550608855,0.3087163675170689
6,0.5010148452026094,0.47217558957117245,0.502642157524159,0.5079972746261273,0.5038824548780285,0.49849366458178623,0.4922624478968119,0.4870084992532504,0.4823881335998411,0.4765049347757039
