,top1,top10,top2,top3,top4,top5,top6,top7,top8,top9
0,0.9,0.5141666666666667,0.8297619047619048,0.7773809523809524,0.6982142857142857,0.6557142857142857,0.6069444444444444,0.5819727891156463,0.5648809523809524,0.5404761904761906
1,0.09829832562353608,0.46436984786584845,0.17789396504438595,0.23734079494142624,0.28515299074299927,0.32571440574635957,0.34741513758756615,0.37592148940403547,0.4093433629847661,0.44594435864167764
2,0.17050497008449633,0.43487368018995043,0.2714916418616341,0.3337681947236817,0.36556002994875747,0.3916022106174456,0.39664568769014663,0.4101617673484227,0.4258056401919646,0.4346566149264875
3,0.0017413713260069049,0.08727513006720625,0.005856932481540803,0.011547633399774427,0.021290958587587817,0.030605546071298152,0.042008118049884885,0.05203855098556755,0.06182330439150377,0.07373311590472027
4,0.9,0.9208333333333334,0.9166666666666667,0.9166666666666667,0.9208333333333334,0.9208333333333334,0.9208333333333334,0.9208333333333334,0.9208333333333334,0.9208333333333334
5,0.9,0.8586305781316854,0.9333333333333333,0.9271821625595242,0.9188488292261909,0.897921087405777,0.8951268388851699,0.8929340290468726,0.8852874364117156,0.8613868990495341
6,0.5482784771487645,0.6995242480386125,0.586173256734911,0.6135438040494076,0.6334073759924688,0.6501402132503135,0.657182978145224,0.6679342236023305,0.6810035447219887,0.6945250429986602
