,top1,top10,top2,top3,top4,top5,top6,top7,top8,top9
0,0.5142857142857142,0.5080952380952382,0.4964285714285714,0.49642857142857133,0.5056547619047619,0.5188095238095238,0.5246031746031746,0.5236394557823129,0.5226190476190476,0.5164021164021164
1,0.05060386322319131,0.44827499340096544,0.10003645148478509,0.15226729883496054,0.19912052201718922,0.2465136791217048,0.2957098222055583,0.3355616433312379,0.3772901595794109,0.4115072962757632
2,0.08761209576305058,0.4371762353403912,0.1538608393412639,0.2104151466279865,0.25853875872385856,0.30410840655600624,0.3441147232498573,0.3735243122432105,0.4011521451930953,0.42054545561532036
3,0.008551386789295895,0.0894058231300309,0.018055323873247348,0.027086898200353288,0.03561350801387402,0.04347374432966429,0.05158381236080351,0.06035724180530415,0.0691779942189521,0.07891475623505034
4,0.5142857142857142,0.5740674603174603,0.5142857142857142,0.5198412698412698,0.5421626984126984,0.5600198412698413,0.5600198412698413,0.5624007936507937,0.570734126984127,0.570734126984127
5,0.5142857142857142,0.6569693137420285,0.5142857142857142,0.5215059401211742,0.5653193708771953,0.6004412705672049,0.5986731665675069,0.6108343356871765,0.6387079082072595,0.6432510574238632
6,0.5210262382169477,0.6820941717785389,0.5410061801679472,0.5625696028466154,0.581824570458903,0.6016622620307999,0.6222005130556919,0.6382175198937718,0.6550413687188821,0.6681810474124453
