,top1,top10,top2,top3,top4,top5,top6,top7,top8,top9
0,0.7595238095238095,0.5304761904761905,0.6363095238095238,0.6492063492063491,0.6464285714285714,0.6314285714285715,0.6063492063492064,0.5884353741496597,0.5706845238095238,0.5630952380952381
1,0.07954871466804275,0.4719113673053659,0.13511289535155152,0.20091822377620805,0.25833336189535167,0.30794874122208954,0.3488538030885098,0.38835102921241693,0.42142818730911324,0.45711421801468216
2,0.13779979444698987,0.4574844568848634,0.20625261423303878,0.28090237998286693,0.33713873406753136,0.3778972706709573,0.4043787060781993,0.427620052075508,0.4432149246755176,0.4623647771241103
3,0.004202939892339355,0.08488570902502277,0.012936895171826245,0.01879542128278052,0.025375763913191962,0.0332462629547622,0.042750579243277964,0.052131959295729204,0.06200649626210239,0.07088860898605134
4,0.7595238095238095,0.7678571428571428,0.7595238095238095,0.7595238095238095,0.7678571428571428,0.7678571428571428,0.7678571428571428,0.7678571428571428,0.7678571428571428,0.7678571428571428
5,0.7595238095238095,0.7252454628652665,0.7595238095238095,0.7265711089498326,0.7380868660670297,0.737888689219357,0.7283622800708005,0.725910357884083,0.725247777170181,0.7252799958983368
6,0.5376728873878517,0.7018018635178263,0.5613009966102509,0.5913043637165287,0.6169541343168597,0.6383517268694839,0.6549655849872423,0.6709952379212284,0.6839399921229944,0.6984980635630773
