,top1,top10,top2,top3,top4,top5,top6,top7,top8,top9
0,0.7773809523809525,0.5498809523809525,0.7172619047619047,0.6984126984126984,0.6705357142857142,0.6471428571428571,0.6283730158730159,0.6074829931972789,0.5831845238095239,0.5649470899470899
1,0.07738893408914453,0.43485682909712897,0.13520351481361312,0.19115524523341113,0.2341493380527144,0.2722538462502902,0.31096954946726785,0.34499192860109684,0.37272183731656816,0.4057341030282755
2,0.13577424446091355,0.4582238270782715,0.2160571764087863,0.28286820745604735,0.32646093434174406,0.36023025293120814,0.39123473984376234,0.413955580499234,0.42776809897428225,0.44518668181272886
3,0.003822660962320748,0.090860064837835,0.010150956168191104,0.016301851650836263,0.02361076005728645,0.03155754077342909,0.04005335940154822,0.04940800816788616,0.06017132440209542,0.07714395496371242
4,0.7773809523809525,0.8273412698412699,0.8125,0.8240079365079365,0.8240079365079365,0.8273412698412699,0.8273412698412699,0.8273412698412699,0.8273412698412699,0.8273412698412699
5,0.7773809523809525,0.8416263952591972,0.8476190476190477,0.8496295259098665,0.8428169110524945,0.8491770995527472,0.8471054912599156,0.8467913506349882,0.8439141477430907,0.8428393141624574
6,0.5367831365634119,0.6794550321542762,0.5627018823368602,0.5878157642471808,0.6061753734022105,0.6219509025967855,0.637746487842749,0.651016312024413,0.6608485713206037,0.6703042494044437
