,top1,top10,top2,top3,top4,top5,top6,top7,top8,top9
0,0.9666666666666667,0.6197619047619047,0.8375,0.8119047619047619,0.76875,0.764047619047619,0.7226190476190476,0.6930272108843538,0.6714285714285715,0.6350529100529101
1,0.11885388117909162,0.5463338195666623,0.18961354176396267,0.2577947094131979,0.30731429063298954,0.3811920368359462,0.41661598902589836,0.4515917947855611,0.4882899574692864,0.5108310530226858
2,0.2010605256400519,0.5294101475706701,0.2844087594662517,0.35711309056857754,0.3997372687580607,0.46085212733181813,0.47877506992965474,0.4960954436280892,0.5143186907542743,0.5154662039761664
3,0.0006065573770491803,0.06782284030333774,0.005794691100164721,0.009825908105202317,0.016161449735007813,0.020731745152782026,0.029165079208254445,0.03774136928736928,0.04650768381936927,0.05850136987547977
4,0.9666666666666667,0.9722222222222222,0.9666666666666667,0.9722222222222222,0.9722222222222222,0.9722222222222222,0.9722222222222222,0.9722222222222222,0.9722222222222222,0.9722222222222222
5,0.9666666666666667,0.9157368924244143,0.9666666666666667,0.9547743261692199,0.9488895619869643,0.943037747222828,0.9417159363266975,0.9386680088783403,0.9367681173196405,0.9354944447346627
6,0.5591236619010213,0.7508210973962789,0.5923194960209155,0.6248335717852851,0.6473494927606369,0.6821357304543868,0.6973622550459028,0.7123253053629486,0.7280179083507053,0.7360396474563533
