,top1,top10,top2,top3,top4,top5,top6,top7,top8,top9
0,0.7773809523809524,0.4952380952380953,0.681547619047619,0.6623015873015873,0.643154761904762,0.605,0.5611111111111111,0.5006802721088435,0.5050595238095238,0.5120370370370371
1,0.07734008063167763,0.41143171705658405,0.1290898834855775,0.17963102231831332,0.2241085630985991,0.26771638604225534,0.2904256600418519,0.29788541208010383,0.33739209515056134,0.3909143459865866
2,0.13665577886974448,0.4145149714273786,0.2066304211240036,0.2673941605029655,0.3131041151081004,0.344117416697004,0.3549227551810095,0.34475186277628167,0.37516508754490774,0.4085369655659823
3,0.004128938976429282,0.09877357626933445,0.011775960241496679,0.018591565289678685,0.02600647031385791,0.036369719892489216,0.05147739449548972,0.06750848577739585,0.0789226907443904,0.08686157462416177
4,0.7773809523809524,0.8040986394557824,0.7857142857142858,0.7857142857142858,0.7940476190476191,0.7973809523809524,0.7973809523809524,0.7999319727891157,0.8040986394557824,0.8040986394557824
5,0.7773809523809524,0.7773370732832459,0.7940476190476191,0.7716397826573147,0.785529458917851,0.7865885727591293,0.7831609833129602,0.787698911258017,0.793173173279662,0.7779361299277907
6,0.5366055708276242,0.6625529378682868,0.5588791812777125,0.5809820426651506,0.5998981724057977,0.6170216657376345,0.6222998746463727,0.6202582505532723,0.6345662491938052,0.6564981200448878
