,top1,top10,top2,top3,top4,top5,top6,top7,top8,top9
0,0.8666666666666667,0.5035714285714286,0.8041666666666667,0.776984126984127,0.69375,0.6452380952380952,0.6067460317460317,0.5870748299319728,0.5605654761904763,0.536904761904762
1,0.08996499229020274,0.4552367587327594,0.16176530204072295,0.2378787986044299,0.282601970334836,0.3203972788956193,0.34801037568280424,0.3848500608326069,0.40644653758794075,0.4437653203596982
2,0.157171636751163,0.42512419778829413,0.25289579326578554,0.3345287767342636,0.3623132767020042,0.3847299162451513,0.39697764739710634,0.4169894984408596,0.4223722378455188,0.4319351505670921
3,0.0023261666476443316,0.089151697589584,0.006782835612506378,0.01160625533339636,0.021583698634426225,0.03152182445719214,0.042007357847975255,0.051496092622912146,0.06244565157370782,0.07437000194844594
4,0.8666666666666667,0.8958333333333334,0.875,0.8916666666666667,0.8958333333333334,0.8958333333333334,0.8958333333333334,0.8958333333333334,0.8958333333333334,0.8958333333333334
5,0.8666666666666667,0.8505645682386933,0.8833333333333333,0.9087286502380971,0.9093244540178583,0.8898272812298831,0.8860136830167213,0.882313416870013,0.8773165582361804,0.8517087576423161
6,0.5438194128212792,0.6942668765794494,0.577638596107044,0.6133498543154265,0.6316341836334315,0.6467500009183418,0.656900680094682,0.6717181641161798,0.6790306373329379,0.6928437246888544
