,top1,top10,top2,top3,top4,top5,top6,top7,top8,top9
0,0.4976190476190476,0.5064285714285715,0.4797619047619047,0.4908730158730158,0.4973214285714285,0.5154761904761905,0.525,0.5214285714285715,0.51875,0.510978835978836
1,0.04875201137133946,0.4501268452528173,0.09633274778108138,0.15189692846459016,0.1954168183134855,0.24836553097355665,0.2929469253801615,0.3365355189926135,0.3786775895513997,0.41177865481918063
2,0.08427876242971724,0.43623156597466917,0.14780023328065783,0.2090262577390976,0.2534105535956534,0.30351316846076815,0.3422032616955386,0.3725241972213564,0.3993536667107933,0.4173044156095745
3,0.008871899609808716,0.08975949244921747,0.01869634951427299,0.027430304793759883,0.03625453365489967,0.04382741364885085,0.05154809807508923,0.06073952834060792,0.06990559516207027,0.0799857637715751
4,0.4976190476190476,0.5625198412698412,0.4976190476190476,0.5087301587301587,0.5310515873015872,0.5489087301587301,0.5516865079365079,0.5516865079365079,0.5558531746031746,0.5558531746031746
5,0.4976190476190476,0.65253203671064,0.4976190476190476,0.5153547693473652,0.5589065452104602,0.5926954105280722,0.5999644874820617,0.6067365214755469,0.6229931968132204,0.6281341523578777
6,0.5199400558807653,0.6825111374006263,0.5388338154955825,0.5621175780195906,0.5796405045248371,0.6021724686185925,0.6208056308884499,0.6382792438299569,0.6551339431685337,0.6676331162262662
