,top1,top10,top2,top3,top4,top5,top6,top7,top8,top9
0,0.8666666666666667,0.5152380952380952,0.8214285714285714,0.7829365079365079,0.7116071428571429,0.6626190476190477,0.6126984126984126,0.5943877551020409,0.5669642857142857,0.5461640211640213
1,0.08996499229020274,0.47053087637981816,0.1708426829931039,0.2386228462234775,0.2888937542897973,0.3304235621361883,0.35871965939628964,0.3949691084516545,0.41656558520698833,0.4559448075391854
2,0.157171636751163,0.437355238352668,0.2626027529727452,0.335851528057015,0.37110656674529424,0.3970755952574969,0.40572515894353095,0.42515094483760013,0.4299119203852013,0.4416088102407517
3,0.0023261666476443316,0.08693291533984199,0.006094505580956008,0.011200411177552204,0.020163440272569503,0.02989247018745724,0.04151638515054485,0.0506034155278757,0.06155297447867138,0.07274353996014185
4,0.8666666666666667,0.8986111111111111,0.8833333333333333,0.8944444444444445,0.8986111111111111,0.8986111111111111,0.8986111111111111,0.8986111111111111,0.8986111111111111,0.8986111111111111
5,0.8666666666666667,0.8563792723630648,0.9,0.9148798210119062,0.9168643251190486,0.8961235158027141,0.893519124384952,0.8889841961553583,0.8837026297480941,0.8598027311944771
6,0.5438194128212792,0.7029759239241619,0.582442375043503,0.6140660431407255,0.6354951494954958,0.6525104055028678,0.6625223355391366,0.6773374433833032,0.6847384101039358,0.6998397430794273
