,top1,top10,top2,top3,top4,top5,top6,top7,top8,top9
0,0.28556105610561056,0.11906067529829906,0.2428154353896928,0.2172357620377422,0.19623476770754,0.17636709824828625,0.1600131166962851,0.14670239001922156,0.13561976389946687,0.12766283038560247
1,0.10411577907487929,0.3015834670213522,0.15737821070598046,0.19988749036080877,0.22888721599394005,0.2522522791757159,0.26398481080152325,0.27366531411744316,0.28546776910834304,0.29741654475283147
2,0.12890135741128078,0.13641435558861348,0.1550884998212738,0.16636133895390842,0.16793160349991185,0.16441296582776438,0.15776575983768226,0.1509701340574702,0.1460106972068208,0.14229096786906917
3,0.001217126678187052,0.015043389530487502,0.0025812486942356056,0.004004096641184141,0.005483926862053891,0.007026387387827653,0.008600719416930068,0.010195423881867812,0.011805868153721505,0.013405071118342871
4,0.28556105610561056,0.3761432656544044,0.32786557501904035,0.35092557332656343,0.3613247863247863,0.3663730219175765,0.3693052382161294,0.37147130647130655,0.373836278545437,0.37551112551731375
5,0.28556105610561056,0.43629090054545694,0.3701700939324702,0.4063783143645076,0.4212575342056871,0.42814453945936126,0.4291987695396185,0.43064551585724226,0.4350139788289046,0.4363041045581082
6,0.5483330530325675,0.6413628235030451,0.5743257444382759,0.5949305181852351,0.6087872958101785,0.6198150837858687,0.6250596815916617,0.6292791367573484,0.6345392012727127,0.6398758891842251
