,top1,top10,top2,top3,top4,top5,top6,top7,top8,top9
0,0.12333079461792333,0.0512553947702462,0.09758187357197258,0.08360624523990864,0.07563467885250064,0.06804899720741302,0.06340441736481339,0.059366953178834364,0.05605721629855293,0.053610617472003554
1,0.029710929993942706,0.0968777949029062,0.042475380063379566,0.05516478109540972,0.06679869912234096,0.07118841060536664,0.0764989831333383,0.08266976441546124,0.08690364186001573,0.08941229211697742
2,0.03863550942487103,0.04818307287841972,0.04419154881145577,0.04757269806906575,0.049649253923069195,0.048765602461048704,0.0490467710524231,0.048947449397221746,0.04862918609627379,0.04807730653131461
3,0.0014963165197512955,0.01621317190624367,0.00308175920564328,0.004695173870400358,0.006315190547886491,0.007960037069307344,0.009600610929498501,0.011249963119977554,0.012903648149865608,0.014555202682285629
4,0.12333079461792333,0.1766648835213192,0.14790873318101042,0.1589013709063214,0.1636202081746636,0.16689134298045186,0.17002982990606752,0.17217685779566966,0.17375720813839624,0.17516196399859763
5,0.12333079461792333,0.21532459907618787,0.1724866717440975,0.19026702361748932,0.19535526656929914,0.19989338324902994,0.2037556906852212,0.208233944648592,0.21031495247402826,0.21172891431461627
6,0.510991033571317,0.5374988144460999,0.5165950613199831,0.522147771715529,0.5271716340117902,0.528586372159396,0.5304597367935133,0.532754508837327,0.5340902560726191,0.5345760551017519
