,top1,top10,top2,top3,top4,top5,top6,top7,top8,top9
0,0.04845138359989845,0.03617288651942115,0.044560802234069566,0.046579080985021594,0.04409589997461284,0.04302995684183803,0.041066895151053565,0.03948155804591449,0.03814340568672252,0.03740726636766238
1,0.010917818876607943,0.056038149563906396,0.015184945407556629,0.02112061798829231,0.026032337795812037,0.03092604358618881,0.03577506599363163,0.04273490892257559,0.04935397909696975,0.05356725140097566
2,0.013249802109133664,0.031006054713592322,0.01623787011789642,0.020641463567131084,0.02367622366843808,0.025996760328990613,0.027200414115214733,0.028747949730440044,0.030002049243433086,0.03083853911987767
3,0.001626083417342319,0.01647647991325449,0.00326574984993282,0.004887716688364066,0.006535334129682593,0.008178588617724613,0.009834131680617128,0.011493198172648017,0.013153966404970201,0.01480920124924119
4,0.04845138359989845,0.09535997624487721,0.06370271642548869,0.07597740543285098,0.08194497334348819,0.08667460015232291,0.0891720614369129,0.09147050556704021,0.09319445200014505,0.09473672161172159
5,0.04845138359989845,0.13483228661357444,0.07895404925107896,0.1000991895502066,0.11014960436510825,0.11848023864622775,0.12296580063555498,0.12705413557522005,0.13089959518266092,0.13421104722050742
6,0.5015295945638543,0.5167222160310102,0.502849026717497,0.5050087770921473,0.5066463872298836,0.5082772170080109,0.5098797557473917,0.5125254693958283,0.5150015072953152,0.5162935379073703
