,top1,top10,top2,top3,top4,top5,top6,top7,top8,top9
0,0.30722264534145727,0.1176948464077177,0.25302741812642804,0.2194465600406194,0.19385948210205636,0.17601421680629592,0.15758229669120763,0.143153628549668,0.13375777481594314,0.1250451327183999
1,0.1094947547687098,0.2693820470543466,0.1554644046182943,0.18764362106743093,0.21337958612705388,0.23030554944729745,0.2389520979023956,0.24723553185554276,0.2553773914831025,0.2631145639420429
2,0.13569767935502786,0.1303858890780201,0.15592079441237225,0.1621595883891508,0.16234580083542013,0.15890887112877797,0.15071789750614994,0.14376840376897562,0.13910855096276925,0.1348100000980004
3,0.001179445284151692,0.015065375233899284,0.0025464639907930046,0.003993489899519295,0.005501462891579458,0.007030882352579969,0.008627002655410138,0.01023883528967292,0.011830619397041883,0.013444986629519968
4,0.30722264534145727,0.37980630205877736,0.3430946940847931,0.35819793517813325,0.3660774731319286,0.3721246932385547,0.3738044766015064,0.37542109430723297,0.3771505941802972,0.3785553500404986
5,0.30722264534145727,0.423511913575903,0.378966742828129,0.39943754193241754,0.4088432425545172,0.4171185599570891,0.4171151378287942,0.4183929745388977,0.42011485325206954,0.42130001174713505
6,0.5510413815765004,0.6252221567515117,0.573397064510717,0.5888409280585908,0.6010492965093165,0.6088724625146638,0.6125578469705899,0.6160556288321066,0.6194938542895118,0.622721266918992
