,top1,top10,top2,top3,top4,top5,top6,top7,top8,top9
0,0.17385757806549884,0.07912604722010656,0.15047283574511297,0.13802149445713796,0.12078890581365828,0.10821274435135811,0.09981382753659981,0.09421263554926916,0.08825447448591013,0.08388550393500878
1,0.0506892629472717,0.18396098469098007,0.08617129505735768,0.11812028189997076,0.13295152311158984,0.14093388003151358,0.1520540671338324,0.16072653943674226,0.16720496177966915,0.17665314205833924
2,0.06382573113178988,0.08337346864984511,0.08333328268439705,0.0950761403178855,0.09371887058546687,0.0902718371191816,0.08880095846949132,0.08797994623666643,0.08607464184938832,0.08512656470531269
3,0.0014092090973749924,0.015730854303787328,0.002899103634566689,0.004413159278649813,0.006003631631374989,0.00761380015798181,0.009223566263494982,0.010828477872999658,0.012458062646113788,0.014083330500768838
4,0.17385757806549884,0.2571411974072866,0.21353135313531355,0.2344694084793095,0.24140962173140396,0.24620144706778374,0.24953139544723707,0.25242371764648996,0.25462843331036406,0.2558858026370403
5,0.17385757806549884,0.31718594077467793,0.2532051282051282,0.2875098123300216,0.2960295936615486,0.30276425650001126,0.30853390072891007,0.3103590638687057,0.31400677896920326,0.3148947804874939
6,0.5215237537591697,0.5816105253024056,0.5385327783487253,0.5537690078112099,0.5604523032540156,0.5637249552485586,0.5685532552411378,0.5721725167215368,0.5746955524130448,0.5786852213446738
