,top1,top10,top2,top3,top4,top5,top6,top7,top8,top9
0,0.2897626301091648,0.11330985021579079,0.23799822289921302,0.20606752982990606,0.18537223914699164,0.1644503681137343,0.15148937970720153,0.1399330867152648,0.12985132647880174,0.12071803334179554
1,0.10712236794757327,0.265020927700092,0.14755493232576972,0.1784363817284893,0.20461158166326748,0.22016068801087918,0.23576303808388172,0.245648321586376,0.2548403398515666,0.2598205584391604
2,0.13133669256942848,0.12663276052981226,0.14730250500622097,0.15278451419181255,0.15518472858742743,0.14990662639740537,0.14669664948204367,0.141860584090221,0.1369755443412221,0.1314708988368265
3,0.0012101827779797184,0.015142806670983507,0.002599321343214206,0.004063976094507504,0.005560381116667284,0.007131183941556666,0.008691340091464574,0.010278995458413535,0.011886299315814346,0.0135140167261938
4,0.2897626301091648,0.36622903293076575,0.3257013201320132,0.3428968858424305,0.35074310315646956,0.3555526995007194,0.3595088643479734,0.3625779899418515,0.3647938124856443,0.3652211629129947
5,0.2897626301091648,0.4213175762811484,0.3616400101548616,0.3867480955469138,0.39712134051416886,0.40512312250647287,0.4106834688933848,0.4153520129385213,0.4205507701996637,0.4200531915519524
6,0.5498398194190183,0.6229561129463682,0.5694186832414687,0.5842004365254642,0.5966250735480431,0.6037363131102248,0.6108794494183868,0.6151792669095345,0.6191269884100906,0.6209875792880037
