,top1,top10,top2,top3,top4,top5,top6,top7,top8,top9
0,0.30850469662350855,0.11820322416857071,0.2523863924854024,0.2194465600406194,0.1935500761614623,0.17650926631124642,0.15821591774562077,0.14387988249374373,0.13391247778624016,0.12573763786635056
1,0.10954223814952652,0.26979414927604484,0.15469077643129975,0.1875404857538996,0.21347741733874645,0.23095122851100214,0.2394579100831253,0.24809978647392278,0.254814559024643,0.26387658325251956
2,0.13578925444660295,0.1308311471859165,0.15514225501997145,0.16208100910265072,0.16240896232398278,0.15938616154104596,0.15114603986789743,0.1444737826455834,0.13898604178289573,0.1353291789127945
3,0.0011771599877487483,0.01505626108655305,0.0025486153178546174,0.003993486015681467,0.0055036442587708245,0.007026235265226867,0.008620432491628577,0.010230150287395025,0.011828405929990328,0.013433890025071496
4,0.30850469662350855,0.37995606863799947,0.342475882203605,0.358419014978421,0.36629855293221636,0.3723457730388424,0.3742318270288568,0.37584844473458345,0.3772629852270942,0.3789526413721959
5,0.30850469662350855,0.42243164810080663,0.37644706778370146,0.39873598989633385,0.4081485120037598,0.41590276505955326,0.4167823401369957,0.4174937916117237,0.4189149547127124,0.4210303247035198
6,0.5510662659151102,0.6254319487159327,0.5730099111229052,0.5887883254202055,0.6010954609891999,0.6091941523347137,0.6128117891508837,0.6164884537142009,0.6192190708098753,0.6231037143390844
