,top1,top10,top2,top3,top4,top5,top6,top7,top8,top9
0,0.16205255140898706,0.07026275704493522,0.14255839045443006,0.12561352289075062,0.10931708555470931,0.09825717187103317,0.08923373106541424,0.0822199252892322,0.07777195988829652,0.07346266677949836
1,0.06513192486043498,0.17357439303181094,0.0920242306604657,0.11363263799009982,0.12685561472251144,0.1339741938544483,0.14385295848201754,0.1503432658706793,0.1600912475056471,0.16776987726700265
2,0.07680954590119296,0.0764577443196045,0.08707106863915579,0.09105912414423156,0.08827098164949014,0.08486500227345657,0.08237564126936078,0.07991218442104245,0.07912678339566206,0.07752259823906749
3,0.0014303610643710632,0.015888100131875554,0.0029271803766142564,0.004478706529288968,0.006084115319993371,0.007700734170980154,0.009335084256591582,0.010976048694699309,0.012605601750299686,0.014248856003325558
4,0.16205255140898706,0.23750995841342387,0.20097423203858847,0.21525239062367776,0.22186098417534061,0.22689144876026068,0.23067836591351445,0.23284443416869163,0.23536410921311918,0.23675405590009557
5,0.16205255140898706,0.29441861346345455,0.23989591266818988,0.26136643067687526,0.27132511452587016,0.278777848577187,0.28515906781334355,0.2877551575061284,0.29170333667954357,0.29443560950751435
6,0.5287345087322534,0.576363789661164,0.5414649347022807,0.5515349905988616,0.5574067788151373,0.5602418898513121,0.5644365952746193,0.5669510499365032,0.5710802587217032,0.5741822176818177
