,top1,top10,top2,top3,top4,top5,top6,top7,top8,top9
0,0.30974232038588473,0.13496128458999754,0.2687864940340188,0.24085639333164088,0.21587331810104088,0.19664001015486157,0.17789413556740297,0.1629193413846878,0.15359466235085048,0.1431003356745929
1,0.10902984162734944,0.328323745176693,0.17116155240977737,0.21707540325819158,0.2507999386259606,0.27235599245132935,0.28854600981455325,0.30113541170234415,0.3141202302687767,0.32113028645933234
2,0.13541221413377036,0.15193807678357668,0.1691975678195574,0.18106768751344393,0.18318074892226505,0.17990637030798823,0.17381853656484714,0.1670829247724578,0.16322084225491937,0.15700565545413922
3,0.0011750097734664604,0.014765236336341043,0.0024916548927553955,0.003880424805183493,0.005347226514664615,0.006850288680474639,0.008415081022702903,0.009999045750440482,0.011554840957871761,0.013162472821292962
4,0.30974232038588473,0.4057804963188628,0.35887598375222135,0.3802858170432428,0.389425192519252,0.3962416433951088,0.3985402386392486,0.40106626047220123,0.4037628522467633,0.4051527989337397
5,0.30974232038588473,0.4685933042628059,0.408009647118558,0.4390307890097901,0.45050399013816494,0.4593558218416887,0.4607238080563371,0.4645758045928132,0.46655647793687904,0.4684165315351373
6,0.5508111427611628,0.6549786764500959,0.5812589341622882,0.6035891348029152,0.6198178128204428,0.6299851623060428,0.6374612791410075,0.6431469763818579,0.6490411392583171,0.6519635949738798
