,top1,top10,top2,top3,top4,top5,top6,top7,top8,top9
0,0.27305153592282305,0.09655115511551152,0.2131092916984006,0.1872789201997122,0.16466108149276465,0.14311627316577802,0.12764766861301516,0.11784263591194277,0.10800250698146738,0.10185185185185171
1,0.1010103629182619,0.22873157404234273,0.13489539138023254,0.16310287740417279,0.18085516075250624,0.19020724716616205,0.19886030882162453,0.21090277503495106,0.21498244531258817,0.2234150707516258
2,0.12450352372566195,0.10827522183079662,0.1335916889725642,0.13886063505978963,0.13630732653377856,0.12937845282900015,0.12362710545248033,0.12011328701149664,0.11434987084451015,0.11156368731445965
3,0.0012395846965634592,0.015432635164564352,0.002684266962095147,0.004159909052419457,0.00570207833294945,0.007314397320813913,0.008938089144001517,0.010545730626121795,0.012188818109461942,0.013807505134258997
4,0.27305153592282305,0.3367153052301568,0.3037287382584412,0.3175351188965051,0.32541465685030047,0.3282085131590083,0.33116294321739875,0.33331631789552585,0.334427005887402,0.33595940271682856
5,0.27305153592282305,0.372397449768895,0.33440594059405937,0.3519898813624419,0.36235985119124553,0.3657876964843404,0.369796490224646,0.37141288579566034,0.37171691335609425,0.37298020542310634
6,0.5467691159450707,0.6045414748240551,0.5630465130994233,0.5764795222819217,0.5846784131913287,0.5886711410207549,0.5923117265442015,0.5976373821995236,0.5990121021843648,0.6025453413331814
