,top1,top10,top2,top3,top4,top5,top6,top7,top8,top9
0,0.12580604214267582,0.05088410764153333,0.0982006854531607,0.08400397732080901,0.07435262757044936,0.06727976643818225,0.06296966235085044,0.058457549051608465,0.055410637217567914,0.05318326704465312
1,0.031013691849075587,0.09856551110322113,0.042784786003973625,0.05552623070190882,0.06516408373772556,0.06986681883080458,0.0751374033928232,0.08094454640238649,0.08661626197195152,0.09046785881486577
2,0.039996895563484895,0.04831730687222974,0.04460409006558118,0.04799012534292866,0.048653495295731625,0.04817202197757405,0.04856634116039912,0.04819610373400432,0.04823361501903486,0.04802808863391637
3,0.0014920025019041021,0.01622012181562926,0.0030796686249635902,0.004693173960512638,0.006324028805302988,0.00796668781711762,0.009605185473712882,0.01126119327122413,0.012912711978188673,0.014562118551358284
4,0.12580604214267582,0.17812579838569936,0.14976516882457477,0.16075780654988575,0.1648467250571211,0.16811785986290934,0.17125634678852497,0.17322022449497693,0.1748005748377035,0.1764902309828052
5,0.12580604214267582,0.21592879571350299,0.17372429550647372,0.19151284581768288,0.1959782363675444,0.20012955000918958,0.20436502861502326,0.2077718001786421,0.20973020465429074,0.2123926184454903
6,0.5116445715078071,0.5383205734138066,0.5167527458757566,0.5223316064300294,0.5263574435221969,0.5279273208100498,0.5297807487104276,0.5318911356319926,0.533936738549246,0.5350856211072106
