,top1,top10,top2,top3,top4,top5,top6,top7,top8,top9
0,0.22548870271642546,0.06313785224676308,0.14806422949987305,0.1239654734704239,0.10558358720487433,0.09130997715156125,0.08278116273165778,0.07598828564175097,0.07151243970550902,0.06678372965501671
1,0.06343368775279687,0.12404576244905002,0.07214504743041406,0.08761314250269783,0.09372460207949604,0.09744200902016957,0.10456252815300068,0.11100689635887184,0.11560496791459084,0.1196761729838819
2,0.08260174572186314,0.06140084872316135,0.07513935396963334,0.07735523293751817,0.07399441942233953,0.06959235680468244,0.06772025045680806,0.06619190480817871,0.06448055708937789,0.06262143267499798
3,0.0013182002163639865,0.01600593321810483,0.002905350163364588,0.004484571757364635,0.006107275338777897,0.0077582191968862384,0.009398680543891992,0.011047949696894753,0.012687347643081446,0.014347663319950311
4,0.22548870271642546,0.26519473307220837,0.24124777862401622,0.2539053905390539,0.25737549716510116,0.25937346619277313,0.26081736058221205,0.2622508281047885,0.26319570624644884,0.264310625430675
5,0.22548870271642546,0.283766047372355,0.257006854531607,0.27632355942066433,0.27843170107890436,0.2798817201935345,0.2795333189396021,0.28063814010296045,0.2811189967894806,0.28367316768202766
6,0.5279414706024377,0.5514325162834037,0.5315505998481881,0.5385306088213898,0.5408346493717104,0.5419356606703616,0.5447291047281645,0.5471836281795033,0.5487306674726034,0.5500076423555025
