,top1,top10,top2,top3,top4,top5,top6,top7,top8,top9
0,0.21686976389946686,0.058456461030718415,0.1405718456461031,0.11556655665566551,0.09857673267326733,0.08566895151053561,0.07707857324193956,0.07020998803177017,0.0664675361766946,0.06187202053538682
1,0.05634776217267525,0.11604620324589088,0.06788056372016055,0.07815977992211266,0.08427332174945915,0.09062571215749297,0.09939692496786451,0.10550436529348903,0.1088420654345538,0.11320266849808289
2,0.07470340566466913,0.056852695661262734,0.0712396900681867,0.06993070902717198,0.06693103630695896,0.06459750992393308,0.06287385003692483,0.06111086147094504,0.059845040463146745,0.058257574038519694
3,0.0013331236670715402,0.016086806659429496,0.0029313962842364336,0.004527687786135487,0.006155124398730387,0.007807066512123364,0.009458272595560804,0.011118631817972346,0.01275804945418632,0.014424858606944918
4,0.21686976389946686,0.2548879791825337,0.23194338664635694,0.24203689599729206,0.24670019886604044,0.24946739866294326,0.25136085723957013,0.2526302149445714,0.2534203901159347,0.2542602817974105
5,0.21686976389946686,0.27340734029344244,0.247017009393247,0.2619371785925668,0.2676311616098202,0.27056874910483913,0.2717784369971777,0.2726825029779159,0.2719080594897483,0.27242332330650015
6,0.5243910460870232,0.547349104416315,0.5293969201198595,0.5337791804757063,0.5360736172865863,0.538474766252098,0.5420755905904855,0.544353339639533,0.5452728849464794,0.5466831247096066
