,top1,top10,top2,top3,top4,top5,top6,top7,top8,top9
0,0.2093995938055344,0.10826605737496822,0.19523038842345775,0.1799864601844799,0.16741400101548615,0.15511424219345,0.14397478209359404,0.13386465020128374,0.1243478674790556,0.11583100617754066
1,0.07372102419388923,0.25006705891308834,0.12704814045845647,0.15967400617338606,0.18684121710103796,0.2078091846169038,0.22277473459066469,0.2319804845111642,0.238655084430091,0.24469923434074797
2,0.09103967156667983,0.12052270806548865,0.12309496281856079,0.13409644639439414,0.1397639966297634,0.14072416475212057,0.1382902669207062,0.13413769827361577,0.12940710941107644,0.1249795119927033
3,0.0013487087342566478,0.015229890288717551,0.0027462043315677836,0.004198329915613158,0.005684240666010496,0.007211706609842756,0.008769074059903077,0.01035219019775348,0.011961709768675777,0.013589067149406584
4,0.2093995938055344,0.30844507962701045,0.2615828890581366,0.2817254802403317,0.29208026571887963,0.29839278158585103,0.3029973766607431,0.30534024831054546,0.30660563927271856,0.3073178899849693
5,0.2093995938055344,0.38252277213062413,0.31376618431073877,0.3430984544215606,0.3576443633567298,0.3667796079388309,0.3737708098648696,0.37813311782701425,0.38080200290456323,0.3800511977727456
6,0.5330698845640376,0.6152748941088969,0.5590518971311078,0.5746916263811819,0.587599095422146,0.5974073895143237,0.6042257059235798,0.608180456770131,0.6108715063271282,0.6132428993318445
