,top1,top10,top2,top3,top4,top5,top6,top7,top8,top9
0,0.0037572988068037575,0.006148768723026149,0.003779512566641279,0.0041994584073791995,0.005006029449098756,0.004765168824574765,0.0050171363290175165,0.005197113117905196,0.005326542269611577,0.006134523708781136
1,0.0002326615758741866,0.011367220023298256,0.0009117773506995324,0.0029554606919837876,0.0036513876700805786,0.004234496022272291,0.0057596966192550655,0.0063434731143134785,0.007348152330392025,0.010104561706184494
2,0.0004241770330879241,0.006086107125474912,0.0011228994140748806,0.002344019993678281,0.002915211285125635,0.0031381630771659063,0.003981838948756243,0.004316633046006436,0.004647559833001146,0.005712492076223845
3,0.0017045414719034943,0.017005852944368734,0.00340907518109956,0.00511169424485636,0.0068098106016208524,0.008514537590875414,0.010215115141137498,0.011915599721334477,0.013616028289645341,0.015305333386736605
4,0.0037572988068037575,0.013252761860435126,0.005017136329017517,0.006696919691969196,0.008553355335533553,0.009066175848354065,0.010112338156892612,0.011009048707068508,0.011633414028216008,0.012753269603517125
5,0.0037572988068037575,0.025271943337636795,0.006276973851231276,0.00945644976095289,0.013169321048081602,0.014230721745427418,0.01665898670071405,0.01889488989981175,0.020578557161016493,0.02372136710623105
6,0.49614778688620687,0.49404798535524613,0.49563468654649073,0.495802524154143,0.4953021338414465,0.4947425177675039,0.49465189944471966,0.4940955133512309,0.4937469991550732,0.4942681074829474
