,top1,top10,top2,top3,top4,top5,top6,top7,top8,top9
0,0.32362274689007364,0.1274600152322925,0.26686341711094186,0.23625920284336124,0.20682279766438183,0.18717187103325708,0.17063764068714574,0.1572489391796321,0.1467210903782686,0.13574299737666054
1,0.11723098405804837,0.3105922841801778,0.17324074216107732,0.21407922723099204,0.2405346058268887,0.2617407710732871,0.27629458056034906,0.2875287206053418,0.29974629501117306,0.3041013416791674
2,0.14444202409525886,0.1443067436565989,0.16976605470427222,0.17878835628201992,0.17737821918648805,0.17335969904835236,0.16789318569917294,0.16198205465785637,0.15679127890371286,0.14952154179210667
3,0.0011508516452460667,0.014897575077083572,0.0024986917560395113,0.0039059707124195235,0.005412251413420334,0.006933839671673615,0.0084920250414048,0.010068855761045725,0.011652290556798079,0.013279034781002716
4,0.32362274689007364,0.4077602712194297,0.3658384107641533,0.38430121858339683,0.3915841584158416,0.39867479055597876,0.40159960226791924,0.4041319708893968,0.4061875370229332,0.4067524012016588
5,0.32362274689007364,0.4626286542125404,0.40805407463823307,0.43346432461416284,0.44197606822646235,0.45206079488729484,0.4556813870437263,0.45864967406608903,0.4625109047532301,0.4621330246836547
6,0.5549237930406226,0.6460626495126358,0.5823072257576019,0.6021010846891897,0.6146912835062472,0.6246665889212191,0.6313264603068894,0.6363342189849569,0.6418244535910922,0.6434156071756627
