,top1,top10,top2,top3,top4,top5,top6,top7,top8,top9
0,0.0012376237623762376,0.009503681137344505,0.003801726326478802,0.0037869171532537867,0.005326542269611577,0.0057552678344757555,0.00707984259964458,0.00786185761433286,0.008442815435389692,0.008624580406758627
1,5.8934464875058934e-05,0.01254319157586813,0.000613001185087341,0.0011420925557628701,0.002528173374960947,0.002932757925749827,0.004154043697531441,0.008308561137942936,0.009831035558579436,0.01058460100733242
2,0.00011251125112511249,0.007722899304628673,0.0008687444466766512,0.0014758234992284505,0.002649334763246857,0.0030077600706652622,0.003946249265457527,0.005454316200993008,0.006302827594719547,0.006699882919907987
3,0.0017092097181020797,0.016945938538762043,0.003409236519938359,0.005114195089061577,0.006807767624519033,0.00850608716825919,0.010192790683253003,0.011882214037924952,0.013571569488036027,0.015265256395568038
4,0.0012376237623762376,0.015311433386928437,0.004420538207666921,0.005672971143268172,0.00815932554793941,0.009396949310315648,0.010855652872979606,0.01211231700093086,0.01320634467292883,0.014188686496854815
5,0.0012376237623762376,0.03185420808528104,0.007603452652957604,0.009974044263228631,0.014946753072571104,0.01724687985910938,0.020395532128630503,0.023198474750242726,0.02569900089036979,0.028525634231067205
6,0.4960585892076079,0.4946547402869398,0.49548518779473105,0.4948968592282128,0.4947404940279636,0.49409442277862453,0.4938589779867541,0.4950740911086091,0.4949886444906435,0.4945217602079008
