,top1,top10,top2,top3,top4,top5,top6,top7,top8,top9
0,0.1332762122366083,0.0678624016247778,0.1319053059152069,0.12103114157569603,0.10492986798679868,0.09373952779893367,0.08589637809934839,0.07917618684945417,0.07447876999238384,0.071095314659671
1,0.043749102801479534,0.16138072663218836,0.08209341756461183,0.10557460553850301,0.11419414788639361,0.12116394162122152,0.130781072141176,0.13771135746063332,0.14840240297018706,0.15704693050212712
2,0.053746396866509276,0.07270460652582154,0.07843348538979557,0.08565981105830608,0.08206683473188953,0.0789249336480548,0.07763389779380162,0.07575459444295408,0.07498256516073491,0.0740261778747735
3,0.0014795773361723403,0.015929104343501276,0.0029641418551004627,0.00450251762827147,0.006114159982798897,0.007739255277932672,0.009369410607480404,0.011012690899398138,0.012651209705972867,0.014285813184655254
4,0.1332762122366083,0.21554859675528,0.17904925107895403,0.19503681137344503,0.20004284082254378,0.20457825590251333,0.20878511889650506,0.21076803696853202,0.21296164575248738,0.21491645661818934
5,0.1332762122366083,0.27800494066565257,0.22482228992129982,0.24930815851212193,0.25477769460406163,0.2620805389837557,0.2693226361244606,0.27087431851399035,0.2745729552170099,0.2784550627990004
6,0.518018489566875,0.5701479081880202,0.5364532103787605,0.5474544450652279,0.5510264522005862,0.5537726052782703,0.5578288555583236,0.560548635572604,0.5651289964547245,0.5687019096916718
