,top1,top10,top2,top3,top4,top5,top6,top7,top8,top9
0,0.16327466262682638,0.09824685550262124,0.15087607391313013,0.14716015175978894,0.1379866246735902,0.12780911754739172,0.1256877030717404,0.11839313834649409,0.11096126437698088,0.10456907263074655
1,0.024037866536933176,0.15820812692952324,0.04699590128983713,0.06275981507802837,0.07625350448038705,0.08814462063440857,0.11245771346827271,0.12818303083420687,0.13781532116295928,0.14988353328388324
2,0.037371718416202966,0.09674541726415617,0.05875192472676678,0.07309987332266854,0.08076779521405819,0.08542121886266218,0.09545560873706717,0.09813077362307268,0.09821271005271112,0.09818523183522004
3,0.0013433585729616425,0.01451937439072971,0.002728392499175618,0.00411112991361552,0.0055426769565474565,0.007013065509609654,0.008437111699270035,0.009928703645404838,0.011446987753071774,0.01297399244738332
4,0.16327466262682638,0.21585222025102824,0.1822213805888333,0.18746054843489413,0.19331723709477014,0.19577004471731083,0.2048937382475864,0.20982227692839248,0.21231520056345138,0.21416734772526425
5,0.16327466262682638,0.2583877522830921,0.2011680985508402,0.20386124867899352,0.21341666294709397,0.21631197753051085,0.23527352052977854,0.2453280084408037,0.25053678777202587,0.25444556293687176
6,0.5091446108101794,0.5698322677002013,0.519932748980767,0.5271354480271142,0.5331845861870033,0.5384184922362526,0.5498353475322901,0.5569678921904619,0.5610762406717247,0.5663833730209542
