,top1,top10,top2,top3,top4,top5,top6,top7,top8,top9
0,0.37265533119381267,0.14290669164988948,0.32074122431080193,0.26996830585843284,0.237140450894014,0.212966691251221,0.192008690972153,0.1763922783617005,0.16301303645822954,0.15135004640057748
1,0.09245295811667194,0.27029604321589007,0.14249055626246596,0.17277997195984848,0.19576700934099145,0.21297044041501884,0.2241581798453243,0.23727202431689912,0.2496491490976298,0.25908683146724826
2,0.1298702462254197,0.1525573991527935,0.16566952206084662,0.17386675830321557,0.17477082080681988,0.17257378291310665,0.16765602272954128,0.16465177189107727,0.16015287065938325,0.1553612885906397
3,0.0010070721847278284,0.013792093917349544,0.002182113797862442,0.003520653437939716,0.004904773427694785,0.006326155411519657,0.007794501103211649,0.00927228092733023,0.010770314781622367,0.012288311118518507
4,0.37265533119381267,0.4437376365320781,0.41502880379532364,0.42619152032212404,0.43401289692427286,0.43804343492734266,0.4397153507285666,0.4414758990685396,0.44217917512650606,0.44329710789771687
5,0.37265533119381267,0.46720829927710866,0.4574022763968346,0.4659737518513628,0.47323915896981866,0.4753056538164404,0.4739568917447642,0.47367637488668224,0.47061241288809963,0.4707775288895507
6,0.5435202997941657,0.6269627779439527,0.5679859586640759,0.5825272332348624,0.5934114655463094,0.6014033856903654,0.6063889091977488,0.6123234594629885,0.6178819938449505,0.6219817762855717
