,top1,top10,top2,top3,top4,top5,top6,top7,top8,top9
0,0.30374549006318896,0.159240137939283,0.2807946458827516,0.2507491644573791,0.23021234078178882,0.21165706540155887,0.19706928857615558,0.18632624178102286,0.17589127314768674,0.16750719264323816
1,0.10719408890329568,0.34965947006356557,0.17483074829918246,0.2156164972904183,0.24433941516542332,0.264140959952977,0.28540382151599697,0.3052937358150874,0.32132227742452063,0.3381989025119339
2,0.1363280253401537,0.1769168692333041,0.17808976472474586,0.18829159638495319,0.19086841744154648,0.1885782512888129,0.1873808918220828,0.18620803311494954,0.18301895355956088,0.18066828095346912
3,0.0011173915075542921,0.013523495476875112,0.002310863241344488,0.00361404179176302,0.004950317116234216,0.006337298367281552,0.00774604635342304,0.009158386014928414,0.010601594387450732,0.012049877320316621
4,0.30374549006318896,0.4239698909610156,0.36682231347300015,0.38876070590893075,0.40161277998152833,0.408774858638813,0.4139841263513199,0.4173137197949325,0.419691403331919,0.422410100660619
5,0.30374549006318896,0.5136426022471683,0.4298991368828114,0.46051462659082304,0.4795085244244248,0.4912808097150626,0.49969432231130007,0.5034484044089756,0.506408133584162,0.5110669997000763
6,0.5508357055260643,0.6669644808565602,0.584088560090067,0.6039042996597648,0.6177016122660852,0.6270418922969019,0.6370957631431888,0.6464679992492274,0.6539157463126468,0.6617812022051113
