,top1,top10,top2,top3,top4,top5,top6,top7,top8,top9
0,0.3034763888612036,0.1252127892837922,0.26458628181872546,0.23551836864871337,0.20675568600873084,0.18213965355711922,0.1659274689204723,0.15146838132067458,0.14187426495505012,0.13406167843845984
1,0.05762854541035846,0.20021385204189182,0.1027621633404133,0.13380892304313735,0.1508037755569812,0.16214031562866113,0.17059492961597006,0.17723802789288293,0.18715854476120342,0.19520279618816522
2,0.08522293184082455,0.12360844654224329,0.1226014340733786,0.13767813900681247,0.13967756923587873,0.13662297490724054,0.13406466950269005,0.13006058346312588,0.12883852638695467,0.12735216622244339
3,0.0011178322402295793,0.014077446425690587,0.0023594760503768044,0.003682304630470656,0.005097830818354865,0.006573773941059463,0.00804696625222567,0.009553298825674085,0.011043689391337382,0.0125384884671242
4,0.3034763888612036,0.36519050181916207,0.3376198497019953,0.35206659756413583,0.356531684174856,0.35921671616799894,0.3608836486136305,0.36184899578265733,0.36351592822828893,0.3646338609994998
5,0.3034763888612036,0.3983491908097777,0.3717633105427871,0.39228541664682093,0.3958201386288782,0.3987653952137544,0.39768111070469186,0.39550697232865384,0.397746693650886,0.39818960549866667
6,0.5260527134132578,0.5915726082387519,0.548008494521461,0.5629045280118373,0.5707609217007891,0.5757761612993003,0.5793634122355654,0.5820370521746672,0.5863401635687995,0.5897143069926447
