,top1,top10,top2,top3,top4,top5,top6,top7,top8,top9
0,0.010121195208005262,0.007421213148085397,0.008975023421771285,0.008225858964392263,0.007300615942751211,0.007418223134730002,0.007675198171440719,0.007063550598145051,0.007445756174377579,0.007369275508689868
1,0.0007497183221140205,0.009503718146750165,0.0014455403770964796,0.002265960024343301,0.004067535355330396,0.004678685760668216,0.005268840674647002,0.005589843201531881,0.006661854482576704,0.007742627069767855
2,0.0013455622384794,0.006381114965207527,0.002315687602324038,0.00321270690298872,0.003953927124500792,0.004372011364021898,0.004790120841425362,0.0048412555656532,0.005393052246035686,0.005941343204483698
3,0.0015960169940402043,0.016006874274471287,0.0031962431898519637,0.00479841253015117,0.006404045588584722,0.008003480406273699,0.009601557480615756,0.011209133461133475,0.012804989835618535,0.014407117444735617
4,0.010121195208005262,0.021440300111911927,0.013470010166045408,0.01571252018259015,0.016560936472182906,0.01791242250882054,0.019028694161500586,0.019351900367059735,0.020617049768060395,0.020990801437484514
5,0.010121195208005262,0.03381008020527319,0.016818825124085557,0.021063424000445852,0.022477451149767118,0.025301614991065563,0.027729772165073253,0.028380284711435614,0.03175401644743737,0.032661791917150955
6,0.4973742074922304,0.4945384795186104,0.4969220828911663,0.49653103797532905,0.49662622533725653,0.4961334382874544,0.49563102262309777,0.49499047211871594,0.4947268589749147,0.4944645753514293
