,top1,top10,top2,top3,top4,top5,top6,top7,top8,top9
0,0.4374289871828094,0.1643181772878587,0.36043614328144,0.314361698593365,0.2793507185998764,0.25165248071441404,0.22851841516003207,0.20637214560510764,0.19033179181533677,0.17588144486304624
1,0.11706904654216835,0.3221009864910874,0.17063464273185855,0.21477386740209786,0.24282619217608337,0.26272571781325504,0.2776347983708223,0.28601270680160595,0.29942624854188427,0.30996516067456364
2,0.1600383290241622,0.17839786260156412,0.19427876446841835,0.2095410698689317,0.21158291478964447,0.20908456216322516,0.20362030711627674,0.195188954598036,0.190059163249078,0.1836289367881353
3,0.0009017041115347848,0.013445878145405732,0.0020529347820261758,0.003302402353973675,0.004628881811905053,0.0060101020313688145,0.007436797355499169,0.00893066408671462,0.010416635705630225,0.011931189966905826
4,0.4374289871828094,0.5053754171385034,0.4742211015209201,0.48838047587723665,0.49705774380236667,0.5003916086936299,0.5022470780925044,0.5024044097476333,0.5033830162020756,0.5043752576711245
5,0.4374289871828094,0.5235158393494501,0.5110132158590308,0.5246415179028137,0.530844951659688,0.5304964538307801,0.5300410111822167,0.5265475835929243,0.5248739868442069,0.5247114641999664
6,0.5558810280435104,0.6533044069417465,0.582139501539245,0.60365096743294,0.6171183413314858,0.626508627573648,0.6334011833109099,0.6370264495943687,0.6431448863095197,0.6478309608956443
