,top1,top10,top2,top3,top4,top5,top6,top7,top8,top9
0,0.3480076544341898,0.14696065142424317,0.30526292184105086,0.2741858858080679,0.2412629318077621,0.2162048757151116,0.1997029920066976,0.18328924250147377,0.16931199792692408,0.15769994883754918
1,0.07343190576541613,0.26604210837721565,0.12987276695408823,0.17268676760145388,0.19632913334568836,0.2100304237248981,0.2286367841511567,0.24112707324117105,0.2511513846137142,0.2592116604827758
2,0.10601166584998757,0.15293992428069209,0.15126931746135522,0.17168740031677293,0.17356219834578282,0.17015047833366292,0.17042594876395928,0.16671617498846747,0.1622638044602565,0.1578648270333092
3,0.0010466247900154655,0.013727282672004739,0.0022293485330605227,0.003496140311534593,0.004877648204983553,0.006301044186097752,0.007722122098870873,0.009196390840501037,0.010691273512615755,0.012197504098175087
4,0.3480076544341898,0.43109929304377353,0.3927183208084996,0.4127613770008173,0.41885602089022667,0.4228805788665856,0.42660646773111155,0.4281925986253533,0.4294465354762712,0.43031640788021974
5,0.3480076544341898,0.4768817032933673,0.4374289871828094,0.46670359771321146,0.47357240779608434,0.47815511257031534,0.48063907355330004,0.47976166586853713,0.4791088676122485,0.4774222136250525
6,0.5339899973158937,0.6248644397140257,0.5616322717418759,0.5824430447231302,0.593656513365929,0.5999094278150737,0.6085957239811361,0.614227278233958,0.6186288888064458,0.6220552986191784
