,top1,top10,top2,top3,top4,top5,top6,top7,top8,top9
0,0.5080680527039688,0.18333067554368437,0.41255955109932824,0.35646274775582887,0.3094601530886838,0.2757101281719061,0.249459305918233,0.22643940666744522,0.20946102517591247,0.1958718989685562
1,0.1533069073337614,0.37684025494803963,0.21979079050656236,0.27213885298498564,0.29474924649259604,0.31586578911081775,0.33410023731373273,0.34383294517043095,0.35698175677894983,0.36886809355073613
2,0.20205882940637193,0.20014235058299942,0.2380255701576539,0.2529015761148877,0.24530124651174562,0.23852842755453948,0.2314523653225693,0.2209143148641121,0.21346886599688003,0.20706545580247743
3,0.0007854927913135923,0.013130209476347701,0.0018814193139957717,0.003097259308067606,0.004434790758757206,0.00581603017833302,0.00723601403039056,0.008702331646672001,0.010164800650941167,0.011634122833000214
4,0.5080680527039688,0.581209136484143,0.5482089820001196,0.566079295154185,0.571921033747284,0.5750525744014989,0.5776322914797907,0.578270160995608,0.5795315728799144,0.5806495056511252
5,0.5080680527039688,0.6072834720975454,0.5883499112962705,0.6112874547271511,0.6141211173191277,0.6148739216636854,0.6156698715153932,0.6114670549172962,0.6100512857372435,0.6092540779736713
6,0.5740580640994175,0.681202351195535,0.6068214398286507,0.6324800700062441,0.6432813827615192,0.6533180527896373,0.6619072518820749,0.6662617658091888,0.6723065400781951,0.6777256685525932
