,top1,top10,top2,top3,top4,top5,top6,top7,top8,top9
0,0.23557816891582117,0.08561953076723744,0.1852861442781111,0.1622215134783157,0.14372371279925047,0.12616560687304387,0.11200423917449061,0.10509113845470405,0.09782264735782487,0.09155753117919468
1,0.06132831644286485,0.18441299915622777,0.0912505537644896,0.1141393075628192,0.13657003459579908,0.1442806160589686,0.15034599027862225,0.16238271152213266,0.1691882787559387,0.17834350812818844
2,0.08335877713844424,0.09266578257383098,0.09943870366205862,0.106987874319346,0.11073769965828484,0.10630290680719286,0.10158684188387389,0.10073184070643743,0.09795085274231669,0.09576357979647401
3,0.0012287786461863898,0.01473087662261256,0.002621592182199153,0.004044870898779214,0.0055136575599017395,0.007034222357171249,0.00858104223479367,0.01008972418322936,0.011624739857020682,0.013168928368163533
4,0.23557816891582117,0.3154519361681192,0.27570414814519506,0.29394156849456154,0.3029091168829443,0.3067253705955443,0.308203766087933,0.3113802993240672,0.31262676114159665,0.3142374924102704
5,0.23557816891582117,0.3625802897757262,0.31583012737456895,0.34438424871015827,0.3552567976614055,0.35809701254299414,0.35807510110448276,0.3608175860226067,0.3593986375710383,0.36053270684459626
6,0.5278471257265327,0.5832460383481164,0.5421373464224366,0.5529061247915701,0.563423959391826,0.5666033484603541,0.5689546061566731,0.574281894771142,0.5770092770064041,0.5808910004119194
