,top1,top10,top2,top3,top4,top5,top6,top7,top8,top9
0,0.08706918890904379,0.09460900592022645,0.09543375127075567,0.10485976837363206,0.10788341937927323,0.10860226842346557,0.10777669251367104,0.10577955343438625,0.10234691131620387,0.09792736703853565
1,0.010182982437674229,0.13504289809674583,0.025670272249993832,0.03916816864725882,0.05567445523591409,0.07254491054618853,0.09450331600585324,0.10909961344553619,0.11910020544219471,0.12710607832007254
2,0.016008667945149678,0.08926838685083358,0.03272092671372636,0.04701902113941598,0.060109314861220633,0.07100957899338575,0.0796817739993178,0.08493151738150588,0.08754084407909342,0.08841046436867414
3,0.0014693534063868502,0.014578136867228711,0.002911680129205423,0.0043224418642765616,0.005745038196554138,0.007176363425576494,0.008620690498457224,0.010079184610986398,0.01156185282960753,0.01307197998781299
4,0.08706918890904379,0.1678988230896109,0.11839954551796998,0.13546587730314083,0.14633083833330007,0.15320089235287473,0.15898573763629478,0.16235377410876248,0.16501800059230745,0.16700580576746685
5,0.08706918890904379,0.23261047827753192,0.14972990212689616,0.17439188086493995,0.19223504581816864,0.20376049483146977,0.21507238413401064,0.22174356000887568,0.2275096913687028,0.23167164449040462
6,0.5021541713438371,0.5581010115967332,0.5091725676654224,0.51521514938059,0.5227490610061297,0.5304602455078506,0.5406879326620982,0.5472607339756239,0.5515497659340037,0.55484161417901
