,top1,top10,top2,top3,top4,top5,top6,top7,top8,top9
0,0.21664640102059124,0.08261008232503438,0.17140002392010684,0.14807210583318373,0.1336623178583531,0.11875934379173549,0.10733566554375061,0.0998308506730377,0.09335008571371618,0.08770761213103778
1,0.051286137923185225,0.16489857347370643,0.07622707835254824,0.09593990460435647,0.11621456794501797,0.12640980673832963,0.13567147773536192,0.1429902656588662,0.15260486595981054,0.15979775280475308
2,0.07156145119999291,0.08706253814053985,0.08645617689947747,0.09302403886418242,0.09789937744554471,0.09651332543586938,0.09469850185516542,0.09310749311774946,0.09155672121829005,0.08956963410874708
3,0.0012587309787659429,0.014778237759935614,0.002665109859751777,0.004113920438143697,0.005579006295364753,0.007095518412642575,0.008626633372825676,0.010149017726365296,0.011683367862728973,0.013225126244317011
4,0.21664640102059124,0.29268675362384877,0.25571590886439294,0.27130384515717504,0.27911774672593537,0.283362569019475,0.28671636733310746,0.28845982988247826,0.2899816220964835,0.2914633398259338
5,0.21664640102059124,0.33610869540040533,0.29478541670819464,0.3185333732144298,0.32635564803006456,0.3305970621836054,0.3342797901415822,0.33328798055996556,0.33309311015440024,0.3348895646405531
6,0.522811060300403,0.5733634165329334,0.5345997864416623,0.5437622252324801,0.5531951149979389,0.5575946363789874,0.5615235795305571,0.5644950356743186,0.5685970318218888,0.571498800347369
