,top1,top10,top2,top3,top4,top5,top6,top7,top8,top9
0,0.4488309047780414,0.16643460840791774,0.36430571889887775,0.31732845628932704,0.2770808001275739,0.24376980883847965,0.22063972996857156,0.2042883910595754,0.1890853299978073,0.1761228607561854
1,0.1355684331599278,0.33089975949612277,0.1943113424594291,0.2322872810828747,0.25856278999479343,0.27307898393986807,0.28773501518491823,0.3019408192443976,0.3110423818136579,0.3205107375353241
2,0.17880206988344716,0.18031847909552676,0.21044888119410746,0.2201145470698957,0.2184174953768735,0.20996976805172535,0.20290528239158417,0.19753351656708476,0.19084953743359642,0.18484626081713262
3,0.0008826569182874748,0.013408972078328934,0.0020425050591087327,0.00328889863418487,0.004646124877997745,0.006077647498888643,0.00751786729514066,0.00895500971687568,0.010431420813124053,0.011926467999871706
4,0.4488309047780414,0.5172153222522489,0.4839112364701895,0.5006802280383519,0.5087320848366454,0.5111848924591863,0.5126682713071673,0.51459042274992,0.51542762648943,0.5165455592606408
5,0.4488309047780414,0.5438505445882197,0.5189915681623378,0.5406188486072342,0.5506798731104549,0.5503790524303595,0.5482649005999365,0.5464039116550756,0.545085135746489,0.5462269102669343
6,0.5651402449490137,0.6578728680936815,0.5939934543177708,0.6124524076381873,0.6250347369874075,0.6317387587391847,0.6385078899132295,0.6450549576720783,0.6490593367245852,0.6532365853511548
