,top1,top10,top2,top3,top4,top5,top6,top7,top8,top9
0,0.2466810851755138,0.09519853688679811,0.18123716785934976,0.16134776513112867,0.14332878186855902,0.127183208084996,0.11492614667012185,0.10839937466006386,0.10351924571929755,0.09932658254762412
1,0.05918752025119246,0.18052768341151945,0.08476866421856685,0.10518039249396291,0.12123266312064956,0.13507406009485548,0.14412249520623166,0.1519930685510387,0.16311233001396178,0.17107032398849423
2,0.08206568170190595,0.099120790354168,0.0941405430146334,0.10176271093803473,0.10390724322281453,0.1034906756679781,0.1007204493149241,0.09949947899014379,0.09980206672411719,0.09939437035068599
3,0.0012110679660245886,0.014573441791053262,0.0026374938883581265,0.004052284982384404,0.00551926261841025,0.007029487830151973,0.008553696355414975,0.010052431280600078,0.011550103813528265,0.013055295287114988
4,0.2466810851755138,0.3163067240337907,0.27562939781131024,0.2927355964412197,0.30165081959588314,0.30657437492109696,0.3099231898791371,0.31216000463214777,0.31425114522257575,0.31474394372003867
5,0.2466810851755138,0.3498362955755508,0.30457771044710663,0.32954596935943076,0.34084944873682893,0.3469012041451904,0.35055357036527496,0.35147581641354403,0.35260223978402094,0.3481511972333114
6,0.5267855829707773,0.5812928107951497,0.5388902863448738,0.5484246379504514,0.5557632217542365,0.5619812351644385,0.5658156477458692,0.5690780036241292,0.573947693134113,0.5772545035931586
