,top1,top10,top2,top3,top4,top5,top6,top7,top8,top9
0,0.46213646420954013,0.17067644068810192,0.38617019156018895,0.3299396681749624,0.2890695078438017,0.2533906751450159,0.22809649105321553,0.20939561863376335,0.19451033547949848,0.18071363866906753
1,0.13768779417211965,0.33628140664862727,0.2010030075799754,0.23905422414944763,0.2655801730950656,0.27991815384594,0.295053085774706,0.30764189559177646,0.3179696535026425,0.32539919651191707
2,0.18227429917571186,0.18465347201418766,0.21945561093966842,0.2276159663977793,0.22651358954386297,0.21685079763307197,0.2092515444383509,0.202461802862494,0.19594261515208297,0.18907281825204325
3,0.0008613043724979388,0.013340122948990151,0.001968790552793812,0.0032278807909790572,0.004567962208075764,0.005998003164062573,0.0074438959025774215,0.008896455919362046,0.010361320029669711,0.011858670828670207
4,0.46213646420954013,0.5320939688424788,0.501146171786234,0.5164068677284536,0.5225239367180284,0.5256674374256649,0.5278900140198404,0.5286852151907865,0.5303558851531123,0.5309776971897987
5,0.46213646420954013,0.5614045932346328,0.5401558793629277,0.5606203456594367,0.5649988612163181,0.5677337029196735,0.5671359177149239,0.5631483272330033,0.5634924873874908,0.5616759337909475
6,0.5662106017280044,0.6606452965734343,0.5973739505331566,0.6158700404329014,0.6285904879388784,0.6352113496974366,0.6422210106998312,0.6479655007409657,0.6525876928742786,0.6557617825023354
