,top1,top10,top2,top3,top4,top5,top6,top7,top8,top9
0,0.26007634500767435,0.08964408874359642,0.20810243785755575,0.17562674002166098,0.15072657324536048,0.13397053840173806,0.12057228855622232,0.11147837650817687,0.1027156796300357,0.09515274538596628
1,0.06953561155084916,0.19223900199551125,0.10143165135803002,0.124134587828895,0.14314990676706066,0.15189262360649414,0.1614067587635639,0.1732978248707398,0.1810200071583412,0.18564726656988528
2,0.09401908658013808,0.09753711550355168,0.11174379484829706,0.11706427140637755,0.11734826890453326,0.11345783688567762,0.10970882428785941,0.10742068504096655,0.10411284055552915,0.1000234381508609
3,0.001189499556914431,0.014665225844991737,0.0025484718329938415,0.0039794520267879595,0.005467859281879754,0.0069715369948178535,0.008496636690538014,0.010016541833739664,0.011561317573669226,0.013116606327110869
4,0.26007634500767435,0.3374552407656839,0.2990711025175913,0.31625703483697787,0.32352775064617506,0.3282250616274975,0.33064115853050813,0.33334142535360467,0.33472928988606626,0.33534777968569107
5,0.26007634500767435,0.38381965708038807,0.33806586002750816,0.36504723639094716,0.374184656594861,0.37783275035366604,0.37864023841483907,0.3809488317443505,0.38103245573201266,0.3794177366759411
6,0.5319704128251609,0.5872699097225622,0.5472695380257855,0.5579496224625431,0.5667666946933008,0.5704730071230573,0.5745517962073199,0.5798098823515229,0.5829946597545894,0.5846463930770598
