,top1,top10,top2,top3,top4,top5,top6,top7,top8,top9
0,0.5254798971435406,0.21210357406263108,0.44250453485358904,0.3869143726619757,0.3436845934578508,0.31293679111766726,0.28347818286921667,0.2578139015687606,0.23900111128829707,0.2252454579482309
1,0.1577149879834423,0.41027078334799555,0.23087307461740603,0.27992228531886887,0.31129796218982325,0.33951387669088495,0.3589340284081972,0.371054688751771,0.38447557492231865,0.39835712817662666
2,0.20848773542940016,0.22801962514734367,0.2514894293925487,0.2662779079506413,0.26586350034498885,0.26388168243716026,0.25676248305268756,0.24650942683887034,0.23947363636448044,0.23447374404292415
3,0.0007609935546235037,0.012661080822895396,0.0017867125890329901,0.002948855845420552,0.004213768827442936,0.005513966206368677,0.006903900645964622,0.008345643253289983,0.009781314741269167,0.011203275807368802
4,0.5254798971435406,0.6004424764935907,0.5713217852373074,0.5843599045853516,0.5904993986750917,0.5945119965980292,0.5961789290436608,0.5976119997304241,0.5985906061848664,0.5992190626956758
5,0.5254798971435406,0.6229509605384165,0.6171636733310742,0.6257692444846378,0.6298788295001347,0.6287072853399239,0.6276318942764321,0.6280232299276667,0.6261091195323846,0.6232395346770188
6,0.576274354042603,0.6981837877628779,0.6124077524649643,0.6364575774105625,0.651662304650716,0.6652789253338262,0.6744884023998274,0.6800582694091482,0.6862738007363327,0.6927214071667944
