,top1,top10,top2,top3,top4,top5,top6,top7,top8,top9
0,0.34274024757310584,0.13359529172563644,0.27565929794486416,0.2462940445578436,0.21510529830366576,0.19465385612055736,0.17673304496315645,0.1639239226697117,0.15220351525903483,0.14248244197712956
1,0.08160767042453847,0.23478902565656223,0.12245289354466275,0.16129810936409195,0.1745292580328049,0.18762095835557654,0.19854323974395532,0.20951596553690188,0.21879928220796102,0.22860654748382878
2,0.11405443738984072,0.13524664738381656,0.1398497381970099,0.15602156170556844,0.1526986050386543,0.15088828009260324,0.14710968895343368,0.14513796990892228,0.14180261641001118,0.1390200781062477
3,0.0010534481236105701,0.013939378306372447,0.002325994616365178,0.003631437004905869,0.005044677515120294,0.0064706051452775425,0.00793964900388912,0.009409692795439288,0.01090817505279919,0.012415012547476595
4,0.34274024757310584,0.41225296003412093,0.38396754838838276,0.3988013368681935,0.4021501518262337,0.4052697324270271,0.40731872213473663,0.40938966233731716,0.41022312856013293,0.4114700748705672
5,0.34274024757310584,0.44222182707665664,0.4251948492036598,0.4423352327177514,0.44125872303910485,0.44338293476098023,0.4449264079985594,0.44500636911716857,0.4417831811923789,0.4414609252124609
6,0.5380744679786573,0.6090721868789961,0.5578944806597231,0.5767008879366022,0.582708328000681,0.5886394893528435,0.5934736373034227,0.5983314785858738,0.6023414334732087,0.6066037938280774
