,top1,top10,top2,top3,top4,top5,top6,top7,top8,top9
0,0.00896007335499432,0.006819722128092173,0.008394462495265813,0.006727530049634221,0.007017810512886958,0.006727530049634221,0.006722546694041901,0.006400052396424513,0.006578652301313613,0.00695565699452717
1,0.0007268335998594042,0.009564094165831363,0.0025691476594515315,0.002707339030674577,0.0035217573386208123,0.005969636976186897,0.00643323542582124,0.00666314293157741,0.007129201705326001,0.009234367490653336
2,0.001264310247120162,0.005387708125148626,0.0030054076654456394,0.002840338089383432,0.0034281635569339782,0.004183139936058059,0.004365818367296807,0.004344422869780788,0.004666464744394781,0.005332920746613567
3,0.0015982668551773249,0.016019466772025637,0.003198765433271679,0.004806044511729928,0.006405490090212575,0.008009911889572013,0.009611887425740803,0.011217800780769538,0.012818245637641746,0.014415676163703104
4,0.00896007335499432,0.02020865191213727,0.012874499172762972,0.014005720892219985,0.015695078438017023,0.01680836007734168,0.017736094776778892,0.01821236118981649,0.0189081622143944,0.01964902107911955
5,0.00896007335499432,0.03214437852900481,0.016788924990531626,0.018930089312606712,0.02223474911371919,0.024632070636672422,0.026721453992773567,0.027544864421501752,0.02921179686713334,0.03045972185663727
6,0.4973616402005345,0.4945723358189055,0.4974817408461381,0.4967489962552363,0.496356661728954,0.49677334277360735,0.49620713162239455,0.49552317389260175,0.4949586364067448,0.4952044147851462
