,top1,top10,top2,top3,top4,top5,top6,top7,top8,top9
0,0.5025252525252525,0.19191919191919193,0.3472222222222222,0.3047138047138047,0.29987373737373735,0.27020202020202017,0.24200336700336703,0.21717171717171715,0.20265151515151517,0.196969696969697
1,0.24848484848484848,0.5965909090909091,0.3126262626262626,0.3699494949494949,0.4606060606060606,0.4926767676767676,0.5051767676767676,0.5119949494949495,0.5244949494949495,0.5685185185185185
2,0.3057058682058682,0.2554594942094942,0.2963914353620236,0.2954745871412538,0.3217361585782639,0.30718959071231805,0.28608376010336795,0.26575683015076956,0.2540898821288531,0.2566932646478101
3,0.04028702778702778,0.6323079698079698,0.10377862877862877,0.16078504828504828,0.21355496355496353,0.27642588892588893,0.34317488067488067,0.41552151552151556,0.48227050727050724,0.5690231065231065
4,0.5025252525252525,0.5795173961840628,0.5366161616161617,0.5534511784511785,0.5660774410774411,0.5716329966329967,0.5716329966329967,0.5716329966329967,0.5716329966329967,0.5772446689113355
5,0.5025252525252525,0.5690354942586567,0.5707070707070707,0.5797383182674997,0.5683304014494319,0.572378934659592,0.5724973379829249,0.5693754906367494,0.5675700597143118,0.5720826573426953
6,0.6040989103489104,0.5790435837310837,0.6109096921596922,0.6175747863247864,0.6395026270026269,0.6356728919228919,0.623782640970141,0.6083675583675583,0.5961248242498243,0.5867620805120806
