,top1,top10,top2,top3,top4,top5,top6,top7,top8,top9
0,0.8813131313131314,0.2696969696969697,0.5643939393939393,0.4772727272727273,0.42676767676767674,0.3616161616161616,0.32281144781144777,0.3048340548340548,0.27525252525252525,0.27974186307519644
1,0.46313131313131317,0.912121212121212,0.5142255892255891,0.5985690235690235,0.663047138047138,0.6755471380471382,0.7117845117845119,0.7516414141414142,0.7603535353535353,0.8833333333333333
2,0.5611772486772487,0.3705482354345991,0.47926504323563146,0.4663119288119288,0.4549372167793221,0.41071219044703894,0.3888017664978449,0.38023671053974084,0.354673256562862,0.3776275492184583
3,0.00934944684944685,0.5628066378066378,0.06325711325711325,0.11309200059200059,0.16508029008029007,0.23182928182928184,0.3176980426980427,0.376024901024901,0.4487503237503238,0.5031704406704407
4,0.8813131313131314,0.9284511784511784,0.9040404040404041,0.9284511784511784,0.9284511784511784,0.9284511784511784,0.9284511784511784,0.9284511784511784,0.9284511784511784,0.9284511784511784
5,0.8813131313131314,0.8217888187222051,0.9267676767676768,0.9543322169823268,0.932796259668164,0.9306819543522262,0.9155160731002566,0.9003743511667051,0.8992389785381314,0.8261608213323645
6,0.7268909331409331,0.8134988853738854,0.7397528397528398,0.768943093943094,0.7891882423132421,0.7844063344063343,0.7812117280867281,0.787755069005069,0.7814893439893439,0.8083668646168647
