,top1,top10,top2,top3,top4,top5,top6,top7,top8,top9
0,0.9545454545454546,0.27979797979797977,0.654040404040404,0.4941077441077441,0.46464646464646464,0.39545454545454545,0.3632154882154882,0.33946608946608947,0.3090277777777778,0.29713804713804715
1,0.48522727272727273,0.9369949494949494,0.5763047138047137,0.6015151515151516,0.7329124579124578,0.7618265993265992,0.8269360269360269,0.8698232323232324,0.8829545454545454,0.9230218855218855
2,0.5939333814333815,0.38401449140085503,0.5512347402053284,0.47936708353375024,0.5065485683906736,0.46369739968224816,0.4483043554121985,0.43474390368329763,0.407011924644197,0.4009204600113691
3,0.0031385281385281384,0.5337953712953714,0.04932521182521182,0.10891932141932141,0.1548183298183298,0.22375124875124874,0.28259980759980763,0.343956968956969,0.41127252377252377,0.46978206978206977
4,0.9545454545454546,0.9696969696969697,0.9659090909090909,0.9659090909090909,0.9659090909090909,0.9659090909090909,0.9696969696969697,0.9696969696969697,0.9696969696969697,0.9696969696969697
5,0.9545454545454546,0.8651366751188182,0.9772727272727273,0.9679527715548348,0.9146559360319125,0.899602461581279,0.8898314660712606,0.8785872124021377,0.8756734000495774,0.8660455272482221
6,0.7410443722943723,0.876509774947275,0.7771521880896881,0.7785774410774411,0.8287047443297444,0.8317631442631443,0.8507301726051726,0.8619688182188182,0.8631628209753209,0.8732923326673327
