,top1,top10,top2,top3,top4,top5,top6,top7,top8,top9
0,0.9318181818181819,0.24570707070707073,0.7159090909090909,0.5673400673400673,0.456439393939394,0.3898989898989899,0.3522727272727273,0.3163780663780663,0.2894570707070707,0.26543209876543217
1,0.4837121212121212,0.8318602693602692,0.6654882154882155,0.7241582491582491,0.740446127946128,0.7567340067340067,0.7906986531986531,0.8031986531986531,0.8156986531986532,0.8212542087542087
2,0.5910924723424723,0.3340416864280501,0.6283168356697769,0.571482683982684,0.5024907597276018,0.45512383940414247,0.43052454988729494,0.4001192970889941,0.3761955540420973,0.3526587469769288
3,0.025865800865800866,0.5795838420838421,0.0615134865134865,0.11367290117290116,0.1781491656491656,0.24262543012543014,0.3041509416509417,0.3708999333999333,0.4376489251489251,0.5067127317127317
4,0.9318181818181819,0.9583333333333334,0.9545454545454546,0.9545454545454546,0.9545454545454546,0.9545454545454546,0.9583333333333334,0.9583333333333334,0.9583333333333334,0.9583333333333334
5,0.9318181818181819,0.947302160830641,0.9772727272727273,0.9646907870535724,0.9645655197775793,0.9626377695585091,0.9577148012438497,0.9489801787678364,0.9481682807283351,0.9483336885814265
6,0.7289231601731601,0.8276948167573167,0.8117285492285492,0.8334511553261553,0.8329522907647906,0.8324534262034263,0.8390452718577718,0.8372970779220779,0.835548883986384,0.8314858752358751
