,top1,top10,top2,top3,top4,top5,top6,top7,top8,top9
0,0.19191919191919193,0.19090909090909092,0.1919191919191919,0.22306397306397308,0.22916666666666669,0.23585858585858585,0.21254208754208753,0.1926406926406926,0.17771464646464646,0.17732884399551066
1,0.05563973063973064,0.5598063973063974,0.10349326599326598,0.18804713804713805,0.2585016835016835,0.3426346801346801,0.35829124579124577,0.36384680134680136,0.3694023569023569,0.4039983164983165
2,0.07885401635401636,0.2475385725385726,0.11924219571278395,0.18054553471220136,0.21427664278541475,0.2480953109740989,0.23649261051221834,0.22176995283055892,0.2102806536705018,0.21683753956481228
3,0.05979252229252229,0.604410866910867,0.11933390683390685,0.17151598401598403,0.22664650164650163,0.2840798090798091,0.35449041699041695,0.4235542235542236,0.49261803011803007,0.5531561031561031
4,0.19191919191919193,0.33898709315375986,0.2512626262626263,0.30513468013468015,0.3120791245791246,0.31763468013468016,0.32226430976430975,0.32226430976430975,0.32226430976430975,0.32787598204264873
5,0.19191919191919193,0.4206768469063277,0.31060606060606066,0.4032545499098178,0.3924445928233944,0.3866305747685105,0.39040890434460995,0.3898281007810146,0.3895084908963007,0.4024788440299577
6,0.4979236041736042,0.4751595048470048,0.49231515012765026,0.5059827903577904,0.5127247752247752,0.5237326331076332,0.5067407708032707,0.48701321826321825,0.46728566572316577,0.4569496475746477
