,top1,top10,top2,top3,top4,top5,top6,top7,top8,top9
0,0.9040404040404041,0.24292929292929297,0.7272727272727273,0.5412457912457912,0.442550505050505,0.37323232323232325,0.34006734006734,0.30519480519480513,0.27904040404040403,0.2586980920314254
1,0.4698232323232323,0.8249158249158248,0.6617003367003367,0.6942760942760943,0.7332912457912457,0.7426346801346801,0.774915824915825,0.7861531986531987,0.7992845117845118,0.8124158249158249
2,0.5725739538239538,0.3300734324597961,0.6336198659728072,0.5499779541446208,0.4932315004683426,0.44042827262524237,0.4176606164351262,0.38743691773994804,0.36401231817465096,0.3451218394400212
3,0.02784992784992785,0.5818986568986568,0.05965700965700966,0.12352138602138601,0.18648249898249897,0.25327357827357827,0.31334868834868834,0.38051855551855557,0.44783411033411036,0.5151496651496651
4,0.9040404040404041,0.9387626262626263,0.9292929292929293,0.9292929292929293,0.9349747474747474,0.9349747474747474,0.9387626262626263,0.9387626262626263,0.9387626262626263,0.9387626262626263
5,0.9040404040404041,0.9389823322873716,0.9545454545454546,0.9503514744724029,0.9602074662486527,0.9599997414970111,0.9637309751953571,0.9565930049192689,0.9492154461005962,0.9485034735075865
6,0.7209866522366521,0.8135887260887261,0.8098311410811411,0.8149562243312245,0.823064262126762,0.8186091686091685,0.8243475274725274,0.8212925962925961,0.818729360916861,0.8161661255411256
