,top1,top10,top2,top3,top4,top5,top6,top7,top8,top9
0,0.29292929292929293,0.23409090909090907,0.3712121212121212,0.34259259259259256,0.32891414141414144,0.30454545454545456,0.29124579124579125,0.2698412698412698,0.26294191919191917,0.25
1,0.08089225589225589,0.7166666666666667,0.240993265993266,0.32735690235690235,0.4619107744107744,0.5052188552188552,0.5575757575757576,0.5896464646464646,0.6518939393939395,0.6795454545454546
2,0.11438792688792689,0.31234657598293963,0.266783080753669,0.30311648228314897,0.3370540197294583,0.333046646114828,0.335891713587792,0.3260413968747302,0.33131345747842533,0.32389908071726253
3,0.05070901320901321,0.5691798941798941,0.09103489103489104,0.143511581011581,0.1959027084027084,0.2535885410885411,0.30972083472083467,0.37629546379546375,0.43444657194657194,0.49769906019906013
4,0.29292929292929293,0.5081349206349205,0.4558080808080808,0.46506734006734,0.49347643097643096,0.49347643097643096,0.5018939393939393,0.5058621933621933,0.5058621933621933,0.5058621933621933
5,0.29292929292929293,0.5927984129598491,0.6186868686868686,0.6021948568046571,0.6448791314091897,0.627433604156864,0.6449296805287841,0.6402556673217651,0.608881478584001,0.5938996631076678
6,0.5150916213416215,0.6411455442705443,0.572179440929441,0.5916911791911792,0.6308149605024606,0.6337360556110556,0.6403017121767121,0.6372647028897027,0.6450840247715248,0.6429790117290117
