,top1,top10,top2,top3,top4,top5,top6,top7,top8,top9
0,0.23737373737373738,0.20707070707070707,0.2285353535353535,0.21632996632996632,0.2058080808080808,0.20404040404040405,0.2138047138047138,0.22727272727272727,0.21433080808080807,0.21380471380471378
1,0.11666666666666667,0.6023148148148147,0.17546296296296296,0.2353114478114478,0.2619107744107744,0.30416666666666664,0.3897727272727272,0.48842592592592593,0.516077441077441,0.5803451178451179
2,0.13278619528619529,0.2702960129096492,0.16515970413029235,0.1859347442680776,0.18967146401356927,0.2027880719168598,0.23507884635335613,0.26849899539293476,0.26318961339764335,0.27335257335257335
3,0.057046194546194536,0.5902870277870278,0.1143990268990269,0.17436729936729933,0.23417184667184665,0.2924131424131424,0.34990796240796246,0.40072890072890077,0.46877659377659375,0.5277047027047026
4,0.23737373737373738,0.38103956228956226,0.2992424242424242,0.3219696969696969,0.32765151515151514,0.3377525252525252,0.3646885521885521,0.3646885521885521,0.3681607744107744,0.3782617845117845
5,0.23737373737373738,0.499435761710541,0.36111111111111116,0.3948090931367271,0.390796002502708,0.40484105190189834,0.4669309077695828,0.4629465050774466,0.47137339963886754,0.49121692245700954
6,0.5298102360602361,0.5306700822325823,0.5323499995374996,0.5342058404558404,0.5226207241832243,0.5174930393680393,0.5275235759610759,0.5437169312169312,0.5350960382210381,0.5379090816590816
