,top1,top10,top2,top3,top4,top5,top6,top7,top8,top9
0,0.9545454545454546,0.27979797979797977,0.6401515151515151,0.4941077441077441,0.4015151515151515,0.36717171717171715,0.351010101010101,0.3354978354978355,0.3125,0.2940516273849607
1,0.48522727272727273,0.9369949494949494,0.5693602693602693,0.6015151515151516,0.6218013468013468,0.7018518518518518,0.8010521885521885,0.8642676767676769,0.8922138047138047,0.916077441077441
2,0.5939333814333815,0.38401449140085503,0.5419754809460692,0.47936708353375024,0.4290112908533962,0.42586871602023124,0.43201647662431975,0.430114274053668,0.412062429694702,0.3966469557378648
3,0.0031385281385281384,0.5337953712953714,0.051640026640026634,0.10891932141932141,0.17655215155215154,0.23430782180782178,0.2882862507862508,0.3464822214822215,0.40913577163577164,0.4720968845968846
4,0.9545454545454546,0.9696969696969697,0.9659090909090909,0.9659090909090909,0.9659090909090909,0.9659090909090909,0.9696969696969697,0.9696969696969697,0.9696969696969697,0.9696969696969697
5,0.9545454545454546,0.850059274906894,0.9772727272727273,0.962826795909994,0.9611660468741713,0.9159827563136672,0.8866126604849824,0.8646768543305332,0.857195268058699,0.8522380378465418
6,0.7410443722943723,0.8608754093129092,0.7728119103119103,0.7779987373737374,0.7741577866577865,0.7964323870573871,0.8265881687756688,0.8441807035557035,0.8506000365375366,0.8559218559218559
