,top1,top10,top2,top3,top4,top5,top6,top7,top8,top9
0,0.9772727272727273,0.27525252525252525,0.6515151515151515,0.4941077441077441,0.41287878787878785,0.35959595959595964,0.31186868686868685,0.325036075036075,0.3061868686868687,0.2915263748597082
1,0.4965909090909091,0.9275252525252525,0.5727272727272726,0.6015151515151516,0.6521043771043771,0.6812289562289562,0.6867845117845118,0.8232323232323233,0.8666666666666667,0.9117845117845118
2,0.6090848965848966,0.3779268290631927,0.547236423707012,0.47936708353375024,0.44459570643781166,0.4124307650822802,0.37406193116977426,0.41187633914906646,0.40077258981634545,0.3934557025466116
3,0.0015151515151515152,0.537962037962038,0.04928312428312428,0.10891932141932141,0.17328874828874827,0.23620314870314868,0.3052669552669553,0.34847236097236095,0.4097199097199097,0.4742012617012617
4,0.9772727272727273,0.9829545454545454,0.9772727272727273,0.9772727272727273,0.9829545454545454,0.9829545454545454,0.9829545454545454,0.9829545454545454,0.9829545454545454,0.9829545454545454
5,0.9772727272727273,0.8520095194673104,0.9772727272727273,0.9670207759830456,0.9745868586227541,0.9606383683207743,0.9603709489457487,0.8896475330514333,0.8698066207737851,0.8542848132690599
6,0.7475378787878787,0.8468272468272467,0.7763066794316793,0.7791681697931698,0.7889635827135826,0.7912553881303881,0.7833314833314833,0.8243921587671588,0.8342184435934435,0.843657153032153
