,top1,top10,top2,top3,top4,top5,top6,top7,top8,top9
0,0.7828282828282829,0.277020202020202,0.5845959595959596,0.45875420875420875,0.39898989898989895,0.38181818181818183,0.3379629629629629,0.3145743145743145,0.3055555555555556,0.2884399551066218
1,0.34844276094276094,0.9256313131313132,0.5244528619528619,0.5620791245791246,0.6236952861952861,0.7214225589225589,0.7421296296296296,0.7730218855218854,0.8501262626262627,0.8821969696969698
2,0.4470478595478595,0.37872348610984974,0.4928352693058575,0.44338624338624333,0.42391869826080353,0.4398714781290539,0.4078862858274622,0.3930103286163892,0.3972855886020715,0.3849324917506735
3,0.015027565027565028,0.5328694453694454,0.0598073223073223,0.11722259222259222,0.17414113664113662,0.22725885225885223,0.29242655492655495,0.35269082769082766,0.40875097125097126,0.47162189662189663
4,0.7828282828282829,0.8753156565656566,0.8661616161616162,0.8661616161616162,0.8718434343434344,0.8718434343434344,0.8718434343434344,0.8718434343434344,0.8753156565656566,0.8753156565656566
5,0.7828282828282829,0.8238028009280014,0.9494949494949495,0.9299230424873753,0.9330365798082231,0.8854359905170626,0.8780227455452697,0.8737066301174236,0.8497211849331711,0.835662243111126
6,0.666707597957598,0.830205384892885,0.7386410464535464,0.744503528878529,0.7603137025012026,0.7910908535908536,0.7912501271876272,0.7961245929995929,0.8151786292411293,0.8212715525215526
