,top1,top10,top2,top3,top4,top5,top6,top7,top8,top9
0,0.8813131313131314,0.24292929292929297,0.7045454545454545,0.5412457912457912,0.442550505050505,0.37323232323232325,0.34006734006734,0.30519480519480513,0.27904040404040403,0.2586980920314254
1,0.45845959595959596,0.8249158249158248,0.6427609427609428,0.6942760942760943,0.7332912457912457,0.7426346801346801,0.774915824915825,0.7861531986531987,0.7992845117845118,0.8124158249158249
2,0.5574224386724387,0.3300734324597961,0.6131653205182618,0.5499779541446208,0.4932315004683426,0.44042827262524237,0.4176606164351262,0.38743691773994804,0.36401231817465096,0.3451218394400212
3,0.029473304473304474,0.5818986568986568,0.06302863802863802,0.12352138602138601,0.18648249898249897,0.25327357827357827,0.31334868834868834,0.38051855551855557,0.44783411033411036,0.5151496651496651
4,0.8813131313131314,0.9273989898989898,0.917929292929293,0.917929292929293,0.9236111111111112,0.9236111111111112,0.9273989898989898,0.9273989898989898,0.9273989898989898,0.9273989898989898
5,0.8813131313131314,0.9305943721412684,0.9545454545454546,0.9419635143262997,0.9518195061025495,0.9516117813509078,0.9553430150492539,0.9482050447731657,0.940827485954493,0.9401155133614832
6,0.7144931457431457,0.811382598882599,0.798561161061161,0.8127500971250972,0.8208581349206349,0.8164030414030414,0.8221414002664003,0.819086469086469,0.8165232337107338,0.8139599983349984
