,top1,top10,top2,top3,top4,top5,top6,top7,top8,top9
0,0.9545454545454546,0.27803030303030307,0.6401515151515151,0.4941077441077441,0.43939393939393934,0.37979797979797986,0.3640572390572391,0.3434343434343434,0.3096590909090909,0.29769921436588104
1,0.48522727272727273,0.9311868686868686,0.5693602693602693,0.6015151515151516,0.7023989898989899,0.7403619528619528,0.8286195286195285,0.8790824915824917,0.8846380471380472,0.9200757575757575
2,0.5939333814333815,0.38138078251714613,0.5419754809460693,0.47936708353375024,0.47997930432140956,0.4456699024880843,0.4494266898678663,0.44029945923885316,0.40793019828974336,0.40083628492719403
3,0.0031385281385281384,0.5352910977910978,0.051640026640026634,0.10891932141932141,0.16328255078255077,0.2301291301291301,0.28221130721130727,0.3418202168202168,0.41088402338402336,0.4687525437525437
4,0.9545454545454546,0.9696969696969697,0.9659090909090909,0.9659090909090909,0.9659090909090909,0.9659090909090909,0.9696969696969697,0.9696969696969697,0.9696969696969697,0.9696969696969697
5,0.9545454545454546,0.8612222575601062,0.9772727272727273,0.962826795909994,0.9178782963107686,0.8975845101557447,0.8814286637026431,0.8678855926259699,0.867542565371807,0.8622085656674128
6,0.7410443722943723,0.8710085631960631,0.7728119103119103,0.7779987373737374,0.8122913544788544,0.818307387057387,0.846687456062456,0.8609046046546045,0.8598323551448551,0.869029465904466
