,top1,top10,top2,top3,top4,top5,top6,top7,top8,top9
0,0.648989898989899,0.2138888888888889,0.4835858585858586,0.3846801346801347,0.3068181818181818,0.27020202020202017,0.2495791245791246,0.2276334776334776,0.2244318181818182,0.2208193041526375
1,0.3090909090909091,0.6766414141414141,0.4073232323232323,0.46893939393939393,0.4744949494949494,0.4926767676767676,0.5184343434343434,0.5321969696969697,0.5775252525252526,0.6354797979797979
2,0.38988095238095233,0.28850632952905686,0.4015908655614538,0.38149551066217735,0.3309954178375231,0.30718959071231805,0.2956797196993275,0.27948502115168783,0.2843360669204924,0.28846406119133394
3,0.029224016724016724,0.6147301772301772,0.07865467865467865,0.14250703000702997,0.21157083657083656,0.27642588892588893,0.33953268953268956,0.40956450956450957,0.468027343027343,0.5278499278499278
4,0.648989898989899,0.6916666666666667,0.6742424242424242,0.6742424242424242,0.6742424242424242,0.6742424242424242,0.678030303030303,0.678030303030303,0.6843434343434343,0.6893939393939394
5,0.648989898989899,0.6578713299544313,0.6994949494949495,0.6785250491296915,0.6715806046852469,0.6567548091263705,0.6644860596973736,0.6482286654324247,0.6582848006238335,0.6636351728865331
6,0.6399334461834462,0.6343433765308766,0.6715550653050654,0.6808476245976247,0.665248408998409,0.6559623247123247,0.6498813686313686,0.6378879222629222,0.6380260942760942,0.6409808941058941
