,top1,top10,top2,top3,top4,top5,top6,top7,top8,top9
0,0.9772727272727273,0.2775252525252525,0.6515151515151515,0.5033670033670034,0.41982323232323226,0.35959595959595964,0.31565656565656564,0.32900432900432897,0.3061868686868687,0.2915263748597082
1,0.4965909090909091,0.9313131313131313,0.5727272727272726,0.6061447811447812,0.6546296296296296,0.6812289562289562,0.6905723905723906,0.8371212121212122,0.8666666666666667,0.9117845117845118
2,0.6090848965848966,0.38076773815410175,0.547236423707012,0.4855399230399231,0.4482994101415154,0.4124307650822802,0.377849809957653,0.41804917865523933,0.40077258981634545,0.3934557025466116
3,0.0015151515151515152,0.5356893106893107,0.04928312428312428,0.10614154364154363,0.1677331927331927,0.23620314870314868,0.30299422799422804,0.346488233988234,0.4097199097199097,0.4742012617012617
4,0.9772727272727273,0.9829545454545454,0.9772727272727273,0.9772727272727273,0.9829545454545454,0.9829545454545454,0.9829545454545454,0.9829545454545454,0.9829545454545454,0.9829545454545454
5,0.9772727272727273,0.8531579780852399,0.9772727272727273,0.9670207759830456,0.9759692359341475,0.962415025480677,0.9612519038960919,0.8824372691329858,0.8718152596458556,0.8562934521411305
6,0.7475378787878787,0.8504918692418691,0.7763066794316793,0.7824089105339106,0.7927093739593739,0.7922234015984017,0.7863828301328301,0.8306992775742774,0.8365573084323085,0.8459960178710179
