,top1,top10,top2,top3,top4,top5,top6,top7,top8,top9
0,0.9545454545454546,0.2825757575757576,0.654040404040404,0.4941077441077441,0.4577020202020202,0.39545454545454545,0.3632154882154882,0.33946608946608947,0.3096590909090909,0.3002244668911336
1,0.48522727272727273,0.942550505050505,0.5763047138047137,0.6015151515151516,0.7303872053872054,0.7618265993265992,0.8269360269360269,0.8698232323232324,0.8809343434343434,0.928577441077441
2,0.5939333814333815,0.38771819510455874,0.5512347402053284,0.47936708353375024,0.50284486468697,0.46369739968224816,0.4483043554121985,0.43474390368329763,0.4071531975127426,0.40488871397962306
3,0.0031385281385281384,0.5312701187701188,0.04932521182521182,0.10891932141932141,0.16037388537388536,0.22375124875124874,0.28259980759980763,0.343956968956969,0.410495522995523,0.4672568172568172
4,0.9545454545454546,0.9696969696969697,0.9659090909090909,0.9659090909090909,0.9659090909090909,0.9659090909090909,0.9696969696969697,0.9696969696969697,0.9696969696969697,0.9696969696969697
5,0.9545454545454546,0.8639621913207268,0.9772727272727273,0.9679527715548348,0.9146559360319125,0.8989874202625041,0.8892907967787753,0.8780465431096525,0.877151551064589,0.864838893066428
6,0.7410443722943723,0.8781997516372516,0.7771521880896881,0.7785774410774411,0.8254219160469161,0.8312580937580938,0.8502251221001221,0.8614637677137678,0.8623081201206202,0.8747297841047842
