,top1,top10,top2,top3,top4,top5,top6,top7,top8,top9
0,0.5934343434343434,0.18964646464646467,0.4305555555555555,0.33417508417508424,0.3055555555555556,0.25909090909090904,0.2234848484848485,0.20598845598845594,0.1928661616161616,0.19079685746352415
1,0.28825757575757577,0.5682659932659933,0.38017676767676767,0.4027777777777778,0.4662878787878788,0.4718434343434343,0.4748737373737373,0.48737373737373735,0.4998737373737373,0.5287878787878788
2,0.36025132275132277,0.24886793761793763,0.3684873949579832,0.325633317299984,0.32741797676008205,0.2930802432696373,0.26476023069160326,0.2510369820975882,0.24065794369691465,0.2434280366098548
3,0.03352295852295852,0.6298257298257298,0.09078190328190328,0.1539307914307914,0.21166102416102414,0.28072483072483073,0.35534419284419283,0.4220931845931846,0.4888421763421763,0.5491096866096865
4,0.5934343434343434,0.6203002244668911,0.5934343434343434,0.6102693602693603,0.6172138047138047,0.6172138047138047,0.6172138047138047,0.6172138047138047,0.6172138047138047,0.6203002244668911
5,0.5934343434343434,0.5755071990894403,0.5934343434343434,0.6169115223575058,0.6048722924081249,0.6056526243063121,0.6056526243063121,0.597238312756277,0.5954657592675383,0.59823718819845
6,0.6273673086173086,0.5749239186739187,0.6515747562622562,0.6428786491286491,0.6530031889406889,0.637144684019684,0.6185084013209012,0.6052908896658896,0.592073378010878,0.5845797720797721
