,top1,top10,top2,top3,top4,top5,top6,top7,top8,top9
0,0.8500000000000001,0.27749999999999997,0.6875,0.6166666666666667,0.51875,0.43500000000000005,0.37916666666666665,0.3392857142857142,0.31562500000000004,0.30000000000000004
1,0.42541666666666667,0.8570833333333333,0.5625,0.70625,0.7554166666666666,0.7675000000000001,0.7795833333333333,0.79375,0.8158333333333334,0.8474999999999999
2,0.5074621212121212,0.37360223110223106,0.5478361344537817,0.5864194139194139,0.5475010442773601,0.49289682539682533,0.4521518759018759,0.42109328579916816,0.403659842572886,0.3942861086282139
3,0.009262820512820513,0.5260893273393272,0.04123792873792873,0.07801490176490176,0.13409299034299033,0.200508658008658,0.26692432567432567,0.3335002497502498,0.39537046287046285,0.455506993006993
4,0.8500000000000001,0.8916666666666666,0.875,0.8916666666666666,0.8916666666666666,0.8916666666666666,0.8916666666666666,0.8916666666666666,0.8916666666666666,0.8916666666666666
5,0.8500000000000001,0.8772090407873755,0.9,0.9223197315178593,0.9068011760143696,0.9075034747227381,0.9066829994912459,0.9051788366906837,0.8856843064157798,0.8803438618279186
6,0.6955769230769231,0.8436131056443557,0.7578512112887112,0.8209413503163502,0.837765931984682,0.8368076714951715,0.835849411005661,0.835492112054612,0.8386848568098567,0.8447068556443555
