,top1,top10,top2,top3,top4,top5,top6,top7,top8,top9
0,0.4,0.21000000000000002,0.3375,0.3,0.25,0.225,0.20833333333333331,0.22142857142857142,0.228125,0.2222222222222222
1,0.1729166666666667,0.5620833333333334,0.25708333333333333,0.30999999999999994,0.32666666666666666,0.34958333333333336,0.3725,0.44249999999999995,0.51125,0.55125
2,0.2124621212121212,0.275012987012987,0.25247899159663867,0.2653342490842491,0.24525898078529657,0.23742063492063492,0.23244859307359308,0.26086972667855024,0.28355857910205734,0.2851861953835638
3,0.0434527972027972,0.6115322177822178,0.09804736929736929,0.15639194139194137,0.22486180486180485,0.291248334998335,0.3576348651348652,0.4078063603063603,0.48471153846153847,0.545305944055944
4,0.4,0.47503968253968254,0.42500000000000004,0.42500000000000004,0.4375,0.4425,0.4508333333333333,0.47226190476190477,0.47226190476190477,0.47503968253968254
5,0.4,0.5267794833211807,0.45000000000000007,0.4453866219196433,0.4703866219196432,0.47949046363971315,0.49971926450599147,0.5411784866451725,0.5304118620321835,0.5285680232517246
6,0.5522319347319348,0.5194511217948717,0.5701395999833501,0.5727347652347652,0.5564899683649684,0.5433701714951715,0.5302503746253746,0.5369113178488178,0.5357018502331002,0.5313825757575757
