,top1,top10,top2,top3,top4,top5,top6,top7,top8,top9
0,0.7,0.2625,0.5125,0.39166666666666666,0.38749999999999996,0.385,0.3416666666666667,0.3107142857142857,0.290625,0.275
1,0.33083333333333337,0.8129166666666665,0.4491666666666667,0.49,0.5908333333333333,0.6879166666666667,0.7083333333333335,0.7312500000000001,0.7533333333333334,0.7775000000000001
2,0.40162878787878786,0.35304911754911755,0.4106932773109244,0.3667765567765568,0.4039494569757728,0.4331150793650794,0.40444354256854254,0.3838220439691028,0.3696777135907571,0.3598209027814291
3,0.020541958041958044,0.5637641525141524,0.06851065601065601,0.13079753579753578,0.17744338994338996,0.22200591075591075,0.2864985014985015,0.3528850316350317,0.4147552447552447,0.49916333666333673
4,0.7,0.7920833333333333,0.7749999999999999,0.7833333333333334,0.7895833333333333,0.7895833333333333,0.7895833333333333,0.7895833333333333,0.7895833333333333,0.7895833333333333
5,0.7,0.7684530320197556,0.8500000000000001,0.8611598657589297,0.8097779321750831,0.7978592927365709,0.7891338001579873,0.7794100132367634,0.7753731339455391,0.7713069003056096
6,0.6426456876456876,0.7511624313186813,0.685325715950716,0.6878352897102897,0.7210740301365302,0.7536877705627706,0.7530963827838828,0.7526943889443889,0.7533282342657344,0.7488484432234433
