,top1,top10,top2,top3,top4,top5,top6,top7,top8,top9
0,0.225,0.2375,0.19999999999999998,0.275,0.28125,0.26999999999999996,0.25416666666666665,0.24285714285714283,0.24062499999999998,0.23611111111111116
1,0.06916666666666667,0.6595833333333333,0.10833333333333334,0.32125,0.38791666666666663,0.4404166666666666,0.4708333333333333,0.50125,0.5629166666666666,0.6054166666666666
2,0.09329545454545454,0.3133712953712953,0.12307422969187676,0.24953754578754578,0.27865183792815373,0.2890873015873016,0.2860019841269841,0.2847556446821153,0.29820504374852197,0.30274793189266874
3,0.05668414918414918,0.583294622044622,0.11749084249084248,0.16128996003996005,0.2111118048618049,0.267722693972694,0.32766983016983015,0.38761696636696635,0.469198717948718,0.5293061105561105
4,0.225,0.41874999999999996,0.2625,0.3708333333333333,0.4145833333333333,0.4145833333333333,0.41874999999999996,0.41874999999999996,0.41874999999999996,0.41874999999999996
5,0.225,0.5244256433318618,0.30000000000000004,0.4958254137500101,0.5803068582465204,0.5685027482383667,0.5763186724253748,0.5705912070090208,0.5520925853086631,0.5398423912802363
6,0.49374125874125874,0.5629012133699633,0.483987574925075,0.5576903305028305,0.5695322906260406,0.5735158591408591,0.5687614468864468,0.5640070346320346,0.5619569493006993,0.5604837870462871
