,top1,top10,top2,top3,top4,top5,top6,top7,top8,top9
0,0.925,0.2825,0.7500000000000001,0.6,0.51875,0.43500000000000005,0.3833333333333333,0.34285714285714275,0.321875,0.3027777777777778
1,0.44833333333333336,0.8683333333333334,0.6041666666666667,0.67625,0.73875,0.7508333333333332,0.7879166666666666,0.8,0.8316666666666668,0.8537499999999999
2,0.5424621212121212,0.38050699300699303,0.5970028011204482,0.5669551282051282,0.5446439014202172,0.490813492063492,0.4577074314574315,0.4256387403446227,0.41269247660552005,0.3981322624743678
3,0.003333333333333333,0.5217332667332667,0.031439393939393934,0.08177114552114552,0.1338365800865801,0.20025224775224776,0.26500124875124875,0.33141691641691645,0.3915534465534466,0.4534236596736596
4,0.925,0.9291666666666667,0.925,0.925,0.925,0.925,0.9291666666666667,0.9291666666666667,0.9291666666666667,0.9291666666666667
5,0.925,0.8909518011747437,0.925,0.925,0.9162910229382213,0.9143881481538771,0.9163951284251726,0.9156226243062788,0.8961446243759172,0.8911485313224143
6,0.71,0.850796182983683,0.7837784090909091,0.8111924533799533,0.8340089597902098,0.8325378787878788,0.8402334644522144,0.8395957167832168,0.8462317890442891,0.8500386072261072
