,top1,top10,top2,top3,top4,top5,top6,top7,top8,top9
0,0.525,0.235,0.3375,0.3583333333333333,0.30625,0.31500000000000006,0.2833333333333333,0.26785714285714285,0.253125,0.2416666666666667
1,0.13708333333333333,0.7366666666666667,0.15791666666666665,0.4345833333333333,0.47125000000000006,0.5625,0.5829166666666667,0.6154166666666666,0.6454166666666666,0.6708333333333333
2,0.2116287878787879,0.3130674325674325,0.20474089635854345,0.3336416361416361,0.3165361319966583,0.3520634920634921,0.33226551226551226,0.3262715389185977,0.31948321002668834,0.31304430218903906
3,0.031791958041958036,0.5864768564768564,0.0934727772227772,0.16159299034299035,0.22638320013320015,0.27476273726273726,0.339255328005328,0.3993627206127206,0.46363677988678,0.5258566433566434
4,0.525,0.6377380952380952,0.525,0.625,0.625,0.625,0.6291666666666667,0.6327380952380953,0.6327380952380953,0.6327380952380953
5,0.525,0.6296327381397885,0.525,0.7050521699107237,0.6788080303304697,0.6113008403897484,0.6187414807801768,0.6216029203178759,0.6153651811748491,0.6156970341841966
6,0.5401456876456876,0.6304666167166169,0.5242887841325341,0.6175417291042291,0.6146474879287379,0.638375999000999,0.6322166895604395,0.6312037962037962,0.6283159028471529,0.6247957251082251
