,top1,top10,top2,top3,top4,top5,top6,top7,top8,top9
0,0.7,0.255,0.475,0.3666666666666667,0.33125000000000004,0.28500000000000003,0.2583333333333333,0.2714285714285714,0.271875,0.26666666666666666
1,0.33083333333333337,0.7879166666666666,0.41416666666666674,0.43499999999999994,0.5191666666666667,0.5333333333333333,0.55375,0.6470833333333333,0.7075,0.76
2,0.40162878787878786,0.34173959373959373,0.37974089635854347,0.33552655677655674,0.3412510442773601,0.3125595238095239,0.29691829004329,0.3305644682115271,0.3431625620756056,0.34855716651769286
3,0.020541958041958044,0.5697165334665334,0.07472277722277722,0.1364035964035964,0.19510073260073257,0.2616766566766567,0.32616924741924747,0.374709040959041,0.42661421911421915,0.5056027306027306
4,0.7,0.78375,0.7625,0.7625,0.78125,0.78125,0.78125,0.78125,0.78125,0.78125
5,0.7,0.732553534074789,0.8250000000000001,0.8157732438392865,0.834385449835694,0.8329653696247141,0.8242398770461306,0.7491471026318011,0.7328810293547862,0.7267484928076826
6,0.6426456876456876,0.6964370525308025,0.6660075341325342,0.6587443806193807,0.6784225149850149,0.6688961038961039,0.6622342761405262,0.6833441558441558,0.6942497086247086,0.6964052614052614
