,top1,top10,top2,top3,top4,top5,top6,top7,top8,top9
0,0.7499999999999999,0.255,0.5125000000000001,0.3916666666666667,0.325,0.3400000000000001,0.3,0.27142857142857135,0.24687499999999998,0.25833333333333336
1,0.3808333333333333,0.7858333333333334,0.4525,0.4745833333333333,0.4975,0.6183333333333334,0.6304166666666666,0.6483333333333333,0.6566666666666667,0.7487500000000001
2,0.4516287878787879,0.34146486846486845,0.41355042016806726,0.3635027472527472,0.33283834586466166,0.3788095238095238,0.35045364357864356,0.3309432560903149,0.3106645045775481,0.3390574557021926
3,0.01720862470862471,0.569556277056277,0.06886030636030636,0.13073051948051947,0.19711704961704962,0.23982350982350983,0.3062391774891775,0.3748984348984349,0.4452913752913753,0.5145042457542458
4,0.7499999999999999,0.8070833333333334,0.7875000000000001,0.7958333333333334,0.8020833333333333,0.8070833333333334,0.8070833333333334,0.8070833333333334,0.8070833333333334,0.8070833333333334
5,0.7499999999999999,0.745155117060436,0.825,0.831546487678573,0.8376586936749805,0.7854709044468042,0.7775658870997131,0.7738436982613159,0.7655103649279826,0.7508700081106664
6,0.6693123543123544,0.71063832001332,0.6900576506826508,0.6846396312021312,0.6777253996003996,0.7164099442224442,0.7095616362803863,0.7038351232101232,0.6949256993006994,0.7072487928737929
