,top1,top10,top2,top3,top4,top5,top6,top7,top8,top9
0,0.30000000000000004,0.21750000000000003,0.35,0.35833333333333334,0.3,0.265,0.24166666666666664,0.24642857142857139,0.240625,0.225
1,0.07291666666666666,0.5654166666666667,0.26208333333333333,0.36083333333333334,0.37916666666666665,0.395,0.4133333333333333,0.47375000000000006,0.5254166666666666,0.54
2,0.11246212121212121,0.2823206793206793,0.2596218487394958,0.3192032967032967,0.29585421888053465,0.2788095238095238,0.26789051226551225,0.2879642008318479,0.2955515860950643,0.28481748514643257
3,0.050119463869463865,0.6002268564768565,0.09577464202464202,0.14226023976023977,0.2081077256077256,0.27206127206127206,0.3363936063936064,0.3882987845487846,0.46969738594738597,0.538006993006993
4,0.30000000000000004,0.4504464285714286,0.375,0.42500000000000004,0.4375,0.4375,0.4375,0.44107142857142856,0.4504464285714286,0.4504464285714286
5,0.30000000000000004,0.5549339734645895,0.45000000000000007,0.5400260849553619,0.5637819453751077,0.55493231630286,0.5500557294912677,0.5383169295346385,0.5542713184088698,0.5543295046973781
6,0.4988986013986014,0.5374965139027639,0.5668820242257743,0.5949448468198468,0.5824726315351315,0.5697731435231435,0.5578028221778222,0.5628670288045289,0.5571752726440227,0.5454849317349317
