,top1,top10,top2,top3,top4,top5,top6,top7,top8,top9
0,0.30000000000000004,0.21000000000000002,0.32499999999999996,0.3,0.26249999999999996,0.23,0.2125,0.22499999999999998,0.23124999999999998,0.21944444444444444
1,0.07291666666666666,0.5529166666666667,0.25083333333333335,0.31124999999999997,0.3370833333333333,0.34791666666666665,0.36375,0.43916666666666665,0.5120833333333332,0.53375
2,0.11246212121212121,0.2731540126540126,0.2441456582633053,0.2662271062271062,0.25686612364243944,0.23936507936507934,0.23157738095238095,0.26139854426619136,0.28502322556670384,0.2788892029023608
3,0.050119463869463865,0.6089389776889776,0.10013070263070263,0.15658133533133534,0.2205348817848818,0.28676115551115555,0.350714701964702,0.4012129537129537,0.47843864468864467,0.5446357808857809
4,0.30000000000000004,0.4199404761904762,0.36250000000000004,0.37916666666666665,0.39166666666666666,0.39166666666666666,0.3958333333333333,0.41369047619047616,0.4199404761904762,0.4199404761904762
5,0.30000000000000004,0.5157017574870473,0.42500000000000004,0.45654648767857287,0.4736598657589297,0.4646404479505031,0.4722847608102988,0.5036126395727953,0.518898016769578,0.5156060325955664
6,0.4988986013986014,0.5114713931901432,0.5595666833166834,0.5660112803862805,0.5553583395770896,0.5382281260406261,0.5235979125041624,0.5317922702297703,0.5317664106726606,0.5216851898101899
