,top1,top10,top2,top3,top4,top5,top6,top7,top8,top9
0,0.30000000000000004,0.22000000000000003,0.3375,0.30000000000000004,0.26875,0.26,0.24166666666666664,0.22499999999999998,0.221875,0.2333333333333333
1,0.06874999999999999,0.58125,0.24916666666666665,0.3033333333333333,0.34375,0.39875,0.42791666666666667,0.45208333333333334,0.49125,0.5704166666666667
2,0.10829545454545454,0.28830969030969034,0.24581232492997201,0.2612637362637363,0.2622232664995823,0.2770039682539683,0.27289682539682536,0.26730912061794415,0.2737683693118476,0.2994261221234905
3,0.04998210123210123,0.6024704462204462,0.09582667332667333,0.15436063936063935,0.2166887279387279,0.2751935564435565,0.3394967532467532,0.4284502997002997,0.488208041958042,0.5362441724941724
4,0.30000000000000004,0.43229166666666663,0.36250000000000004,0.37083333333333335,0.39583333333333337,0.4208333333333334,0.4291666666666667,0.4291666666666667,0.43229166666666663,0.43229166666666663
5,0.30000000000000004,0.542453455734613,0.42500000000000004,0.4407732438392865,0.48452324383928647,0.5370872237060847,0.5559016846627949,0.5516159793747445,0.558791316342705,0.5467571719150595
6,0.4968839493839494,0.5279183836996337,0.5605511155511156,0.5634322968697969,0.5591861784049283,0.5618425324675325,0.5536254890942391,0.5361427114552114,0.5310900037462538,0.538967698967699
