,top1,top10,top2,top3,top4,top5,top6,top7,top8,top9
0,0.7,0.26,0.5125,0.38333333333333336,0.32499999999999996,0.3400000000000001,0.3416666666666667,0.31785714285714284,0.29375,0.26944444444444443
1,0.33083333333333337,0.8004166666666666,0.4491666666666667,0.46499999999999997,0.5141666666666667,0.61625,0.7070833333333333,0.74,0.7558333333333334,0.76875
2,0.40162878787878786,0.3488824508824509,0.4106932773109244,0.3542765567765568,0.33569548872180455,0.3781150793650794,0.4039889971139971,0.39177658942364824,0.37288284179588527,0.3533431699879068
3,0.020541958041958044,0.5655498667998666,0.06851065601065601,0.13246420246420246,0.1973734598734599,0.2396632534132534,0.28630910755910755,0.34815018315018315,0.4121037296037296,0.5054133366633368
4,0.7,0.79,0.7749999999999999,0.7749999999999999,0.7875000000000001,0.7875000000000001,0.7875000000000001,0.7875000000000001,0.7875000000000001,0.7875000000000001
5,0.7,0.7643072968314975,0.8500000000000001,0.8453866219196433,0.8578866219196433,0.7878153757155495,0.774369921824344,0.7643544378195666,0.7603675305322994,0.7590315794263334
6,0.6426456876456876,0.7349117028804529,0.685325715950716,0.676168623043623,0.6801649392274391,0.7124873043623045,0.7394450861638362,0.743555402930403,0.7422668997668997,0.7329102147852149
