,top1,top10,top2,top3,top4,top5,top6,top7,top8,top9
0,0.6,0.25749999999999995,0.42500000000000004,0.39166666666666666,0.3375,0.29500000000000004,0.30833333333333335,0.2785714285714285,0.259375,0.25
1,0.2475,0.7595833333333334,0.30541666666666667,0.3783333333333333,0.4125,0.4320833333333333,0.6158333333333333,0.6266666666666666,0.6504166666666666,0.67625
2,0.3141287878787879,0.34344538794538787,0.3139075630252101,0.3417994505494506,0.33017961570593146,0.31172619047619043,0.360574494949495,0.3379263220439691,0.32666269720617547,0.32246404910878596
3,0.027465034965034964,0.5667478354978355,0.08353687978687976,0.13127539127539128,0.1933058608058608,0.2593427405927406,0.30553696303696304,0.3717632367632368,0.4589831002331003,0.5183911921411922
4,0.6,0.6514583333333333,0.6,0.6083333333333334,0.6208333333333333,0.6208333333333333,0.6458333333333333,0.6458333333333333,0.6489583333333333,0.6489583333333333
5,0.6,0.633194040674204,0.6,0.6019331095982161,0.6252964876785729,0.6165168724227255,0.6406410434963788,0.6410182830924153,0.6466325783526898,0.6425820560575294
6,0.5975174825174825,0.6543952401764901,0.6052583354145855,0.6232075216450217,0.6196084124209125,0.6090381493506494,0.6617210914085914,0.6541075591075591,0.6442223921911421,0.6418110014985016
