,top1,top10,top2,top3,top4,top5,top6,top7,top8,top9
0,0.8500000000000001,0.27749999999999997,0.675,0.5666666666666667,0.5125,0.43500000000000005,0.37916666666666665,0.3392857142857142,0.31562500000000004,0.30000000000000004
1,0.42541666666666667,0.8570833333333333,0.5574999999999999,0.6429166666666666,0.7491666666666668,0.7675000000000001,0.7795833333333333,0.79375,0.8158333333333334,0.8474999999999999
2,0.5074621212121212,0.37360223110223106,0.5406932773109244,0.5343360805860806,0.5412510442773601,0.49289682539682533,0.4521518759018759,0.42109328579916816,0.403659842572886,0.3942861086282139
3,0.009262820512820513,0.5260893273393272,0.043510656010656006,0.0896466033966034,0.13617632367632365,0.200508658008658,0.26692432567432567,0.3335002497502498,0.39537046287046285,0.455506993006993
4,0.8500000000000001,0.8895833333333334,0.875,0.8833333333333333,0.8895833333333334,0.8895833333333334,0.8895833333333334,0.8895833333333334,0.8895833333333334,0.8895833333333334
5,0.8500000000000001,0.863654529356226,0.9,0.9019331095982162,0.9000502017701175,0.8936359574544035,0.8930232900429038,0.8915191272423416,0.8720245969674378,0.8667893503967693
6,0.6955769230769231,0.8379524121711622,0.7544421203796203,0.787689602064602,0.8292406551781552,0.831146978021978,0.8301887175324676,0.8298314185814186,0.8330241633366633,0.8390461621711621
