,top1,top10,top2,top3,top4,top5,top6,top7,top8,top9
0,0.9414681118591733,0.6197394913177039,0.889989097391332,0.8530953063075967,0.8157871961992074,0.7797239332155543,0.7438245077909884,0.7093036541360571,0.6759970515207946,0.6472148388659865
1,0.13422458279199312,0.5322217397591054,0.22346565549464023,0.2992052281066554,0.35685533235349015,0.40319083563690994,0.4405274593109059,0.4703391744546895,0.49427992087252987,0.5144273468965195
2,0.20322299639859515,0.4592129456110037,0.3003552609880729,0.3658114139798839,0.40661260510138864,0.4325622384327123,0.4484599329718696,0.4569416920174846,0.4600200137230986,0.4608255644335802
3,4.852589189153404e-05,0.0031545381323803807,0.00018239184589407498,0.0003648943722626614,0.0006103764066861957,0.0009122648830589365,0.001274215584548991,0.0016876802232140967,0.0021495101461625377,0.0026335999212973183
4,0.9414681118591733,0.9574501348709914,0.9524035477247768,0.9566167030086956,0.9566167030086956,0.9569016032935957,0.9571366990826953,0.9572364596573162,0.9572364596573162,0.9572364596573162
5,0.9414681118591733,0.9361320378507553,0.9633389835903803,0.9586723156542472,0.9512620880401126,0.946276417589982,0.9435101628845447,0.9410256862635044,0.9388849359311784,0.9372421699863552
6,0.5670880284500504,0.7653122377108599,0.6116601419705563,0.649468438576536,0.6782228288077616,0.7013105860220492,0.7198873734029639,0.7346946278455024,0.7465590625268097,0.7565285742852139
