,top1,top10,top2,top3,top4,top5,top6,top7,top8,top9
0,0.9322924127393402,0.5568069681198176,0.8600457193334289,0.8058944383432276,0.7562182670422894,0.7149910869184619,0.6746201329534665,0.6387308635911989,0.6085075661716723,0.5800612243815223
1,0.13496077436908183,0.46908741271512594,0.21723862355824974,0.27869744133040153,0.3256291142122321,0.36456771053416964,0.3911436816362318,0.4145438268451262,0.43576746811939504,0.4525343899961643
2,0.2035479878081394,0.3977811138899948,0.28858438809162723,0.3383508690803241,0.3666355223288193,0.3859138625173235,0.392739514712811,0.3965191018757805,0.3989619519768864,0.39813642873844296
3,5.637585503459361e-05,0.003671374268930431,0.00023212052968862076,0.00048298322573776527,0.0008079673704085064,0.0011801787330582782,0.0016174450635302205,0.0020959836605944178,0.0025951888247070422,0.0031313351173511703
4,0.9322924127393402,0.954666427197076,0.948192713555842,0.952410511069729,0.9538141224593739,0.9540962374062933,0.9543290120804088,0.9544287726550297,0.954516063157823,0.9545952021258508
5,0.9322924127393402,0.9224856079066166,0.964093014372344,0.9537059504218631,0.945104297598217,0.9399862199666307,0.9357471954045343,0.9315725413337619,0.9286346000938829,0.9262031543257236
6,0.5674521992570232,0.7334533730910929,0.6085248765599403,0.6391677919221487,0.6625278609068428,0.6818809139375129,0.6950458895798213,0.7066103120391002,0.717081995263519,0.7253217893838202
