,top1,top10,top2,top3,top4,top5,top6,top7,top8,top9
0,0.6501496124401153,0.5649210555635136,0.6848758137165959,0.6958881779645274,0.6927632940202773,0.6768411084053546,0.6603141065431569,0.6357241196626677,0.6111103650384376,0.5868547963520023
1,0.11234838870454981,0.5034182358158957,0.1997156734874756,0.2732304058359593,0.33305332210628635,0.3776145719308426,0.41511639853912335,0.4435760998227867,0.4682158998300363,0.48675811663955354
2,0.16766610108427293,0.430381359643521,0.2628301443749812,0.32821077950537114,0.3724490934438775,0.39868909259604446,0.4175447736761963,0.4261298317410801,0.43086582158284736,0.43105535638711023
3,0.00029339081880506437,0.003622925644509311,0.0005292713136286727,0.0007643104487354621,0.0010277021758286864,0.0013502373054677032,0.0017006692374420761,0.0021261537334247914,0.0025929652121010425,0.0030972803963940213
4,0.6501496124401153,0.7747477840141558,0.7327517945534705,0.7578675850323897,0.7666836771236214,0.7710606368078435,0.7725852777645141,0.7737963313498695,0.7741472341972808,0.7745382868074518
5,0.6501496124401153,0.8572574174408687,0.8153539766668259,0.8287960688219265,0.8348551463165639,0.8419030304802018,0.8457955362846186,0.8505007440373087,0.8524632464787734,0.855190198886366
6,0.5560274989428722,0.7505939387039683,0.5996036454709344,0.6362651024150872,0.6660832679693919,0.6882666443319914,0.7069206014416024,0.7210386071170957,0.7332366541263018,0.7423874583066388
