,top1,top10,top2,top3,top4,top5,top6,top7,top8,top9
0,0.09806976077925798,0.09333249773193908,0.10331415429180792,0.09971311018797052,0.09876808480160434,0.09834630505021567,0.09735054672205512,0.09695249918713604,0.09559603248499897,0.09437498784177863
1,0.004355492931438533,0.030583335537079218,0.008514444673507296,0.011214945468171006,0.014244623550107373,0.01753412882498524,0.02019645171934204,0.023024212729946335,0.02559862516582514,0.028025277525036328
2,0.007815523763756415,0.03820010460392928,0.013967283818896635,0.017579484710508558,0.02136349629598227,0.025207408655094094,0.02821873212152279,0.03124202527367902,0.03371556380103862,0.03592004561669448
3,0.0007523865206394147,0.007559776080631799,0.0014947364226337192,0.002251816953068038,0.0030053559254212907,0.003758630045279485,0.004515215089182876,0.005270315895936591,0.006032534965345953,0.006795803815509093
4,0.09806976077925798,0.13095909797492666,0.1125177067914498,0.11700541681919707,0.1208740523219108,0.12453597595590146,0.12583016335344083,0.12794900974603024,0.12918152180256465,0.1300443134009242
5,0.09806976077925798,0.15450534567155116,0.12696565280364164,0.132591495815517,0.13788211701063602,0.14363828867940676,0.1439937199765056,0.14794713539596427,0.15029752712645436,0.15230975159261131
6,0.5018015532053997,0.5115242014375606,0.5035099257314679,0.504482948214906,0.5056219059951377,0.5068905131964957,0.507845077016115,0.508882741375895,0.509790845699589,0.5106250431034698
