,top1,top10,top2,top3,top4,top5,top6,top7,top8,top9
0,0.03740112050167916,0.030425241528593452,0.031004790781327098,0.029813064030941125,0.029744425344984005,0.03056629900205318,0.03181718102574712,0.03179292774264841,0.031607120119689955,0.030993958911401453
1,0.015857550405360545,0.037949542541317084,0.01904914847405174,0.021775955529119668,0.02417561962481675,0.027207976707902273,0.03050256420159487,0.033140317925260385,0.03505214737993621,0.036675650599724635
2,0.018322322441723146,0.022346969913477236,0.017218077992070327,0.01733529975358316,0.017750012089639222,0.018747307717946735,0.02050757192513846,0.02137963690524038,0.02190968676360854,0.022223203213974127
3,0.0008065737156698903,0.008116132754449125,0.0016230261145453266,0.002437081539003319,0.0032489005355995225,0.004057345736105256,0.004862947535160615,0.00567330409076996,0.006485172267220448,0.0073005077422749805
4,0.03740112050167916,0.0742501188031914,0.0461719508507218,0.05437941343434827,0.059131398982423186,0.06322902905770689,0.06723029970236673,0.06954468818993956,0.0714824876137725,0.07312583702248504
5,0.03740112050167916,0.11152612461011827,0.054942781199764444,0.06995974703430148,0.07825303944682924,0.08619187980362655,0.09488331616327096,0.09952711493079876,0.10399301579256698,0.10856818542657197
6,0.5075254883448455,0.5149756001484304,0.5087181958368487,0.5096800295827753,0.5104797591007268,0.5115964817797751,0.5128453156739985,0.5137649546902398,0.514323125550312,0.5147362504140393
