,top1,top10,top2,top3,top4,top5,top6,top7,top8,top9
0,0.5044684779321651,0.22869594454789993,0.3983122841363065,0.35022707136301134,0.3199522712441707,0.2968573429467291,0.27865118018749313,0.2646650886874353,0.2504396854955514,0.23758468753813328
1,0.06835105826553683,0.24574709412931592,0.10144897644016346,0.12963029612857863,0.1533246089625553,0.17216032119444372,0.19218155241225604,0.209222145060107,0.22238921107284496,0.2336037748256577
2,0.10509372526041466,0.17803884955102095,0.13289086942944908,0.1513411381786742,0.16216915720080918,0.16790489877767484,0.17352689941402108,0.17709076978160143,0.17761525525820418,0.17729439544826228
3,0.0004153036977697761,0.006447646201923179,0.0010074794707558177,0.0016321186295776354,0.0022756380329000316,0.0029397487659210807,0.00361895194878579,0.00430448810223927,0.0050137872024135655,0.005736830389697486
4,0.5044684779321651,0.616745162985852,0.5619946601091853,0.5878644813700682,0.5991212258670362,0.6040540594311545,0.607571211807711,0.611499675233381,0.6140467673405289,0.615612525191203
5,0.5044684779321651,0.6333575967273163,0.6195208422862054,0.6502479316297156,0.6538871864428653,0.6471627770856371,0.6408107747289564,0.6399483635465734,0.6385042490807916,0.6354277054608448
6,0.5339678772838835,0.6199589254469204,0.5502351904129406,0.5640322346378706,0.5755817285627911,0.5846994204896426,0.5944003169419594,0.6026149816258028,0.6088917195434204,0.6141916753739186
