,top1,top10,top2,top3,top4,top5,top6,top7,top8,top9
0,0.4698188734501584,0.19244715815944893,0.3604575514491716,0.3091764949306844,0.2757673606137293,0.25275270973595065,0.23553812729790397,0.2220508386709506,0.2117399011602922,0.20081844724923614
1,0.06437219610958621,0.2009133827890746,0.09362406187936956,0.11464301807088267,0.1311535315683664,0.14442106396124385,0.1574332820937838,0.17115887760337475,0.18163911643759983,0.18924704655067354
2,0.09832008169120546,0.1470890911956872,0.12118377348793155,0.13223696357795606,0.1379413173102128,0.1408622556867774,0.14363995564961762,0.14592202282244585,0.14733562627549807,0.14605196762937
3,0.00044361856959997836,0.006745851622658065,0.0010692601543354986,0.0017314292271450116,0.002420393498879011,0.0031208214543250613,0.0038309709974224497,0.00454864948280924,0.005267051056674143,0.00600728264633842
4,0.4698188734501584,0.573307967178234,0.521654013274125,0.5447026850658137,0.5559768379251622,0.5606414832322654,0.564507797619995,0.5675244891841725,0.5697224192801473,0.5716823245609713
5,0.4698188734501584,0.5977878085251154,0.5734891530980917,0.6029431845944122,0.6119743120746332,0.6072070087377759,0.6054454636020076,0.604236912832521,0.6002382168745062,0.5993840655412286
6,0.5319642887699931,0.5973669118604688,0.5462917754300671,0.5564913599207874,0.5644289537941153,0.5707445688434436,0.576928362977421,0.5834634073434151,0.5883844383311504,0.5918682350656083
