,top1,top10,top2,top3,top4,top5,top6,top7,top8,top9
0,0.33702987473937196,0.5129548059017334,0.4244437282146779,0.4879985091810045,0.5213088303172102,0.5388172659122381,0.5452687055340688,0.540329988654011,0.5345991202311036,0.5240385720677463
1,0.05044594283371738,0.4528975438383803,0.10960444054747516,0.1696508339365716,0.22439730814211634,0.27786746411027907,0.32530184051565314,0.36273029852104843,0.3991661093082935,0.4265981593906246
2,0.07414623785802338,0.38371899712463436,0.14179452784716096,0.20327013572233454,0.252953042364671,0.2940036360828593,0.3257413017486528,0.34606768886607875,0.36404739705756084,0.37489545980291245
3,0.0005540971825826518,0.004054955387889149,0.0009604462569433877,0.001281147804746537,0.0015956144468451568,0.0019215323900237669,0.0022723096020090877,0.0026795554207186476,0.00310038061460524,0.003567481133345891
4,0.33702987473937196,0.5658512818681194,0.4664118082414172,0.525911932918451,0.5499265201313622,0.558962554446726,0.5620095152450835,0.5639188928527851,0.5652352137396367,0.5657814494658848
5,0.33702987473937196,0.7251644089079373,0.5957937417434624,0.6634963835080369,0.6902067164589463,0.701511969606089,0.7066470201338093,0.7138564289415881,0.7187396286582246,0.722433254398431
6,0.5249459228255673,0.724672625398343,0.5543182101656348,0.5841767135900278,0.6113946782894191,0.6379710403679779,0.6615286112265196,0.6800804678000585,0.698132419205229,0.7116890078157042
