,top1,top10,top2,top3,top4,top5,top6,top7,top8,top9
0,0.9025867831733754,0.5785646357573734,0.8497807541103631,0.8124585515181415,0.7706836214168616,0.7338927883620626,0.6997452078923219,0.6652745661125556,0.6357240486081268,0.6067007715828319
1,0.12712081962255173,0.50828527138329,0.2140780540633249,0.2869462275010507,0.34084410400368365,0.386167364275696,0.4218853364480338,0.4490402269306427,0.4736118305181653,0.4931412868404849
2,0.19317231741539456,0.43231172032510157,0.2864619136378927,0.34935647117479696,0.3847874217749282,0.41016663030327183,0.4249146416378111,0.4310495655990904,0.43576586552574237,0.4355373825951683
3,8.09138676883485e-05,0.0035042497396632717,0.0002497395568156263,0.0004684324641235271,0.0007629068490139131,0.0011060777761021795,0.0014976294774244146,0.0019477853040012,0.002423118964546309,0.0029427285053196125
4,0.9025867831733754,0.9337058596563562,0.9238011109519491,0.9303837930467354,0.9324892101312027,0.9329137752205723,0.9331465498946878,0.9335475817203005,0.9335475817203005,0.9337058596563562
5,0.9025867831733754,0.9136017577905247,0.9450154387305225,0.9395040486633062,0.9337451586552046,0.9282685619561237,0.9231886479908917,0.9205819810567607,0.9171548244768717,0.915437285680283
6,0.5635199528774313,0.7531389056893707,0.6069307572239095,0.6432838226676404,0.6701371791797248,0.6926929477158892,0.7104418298248175,0.7239011840161186,0.7360637364402214,0.7456999708118653
