,top1,top10,top2,top3,top4,top5,top6,top7,top8,top9
0,0.4904462907256203,0.28228107243470374,0.4406155994843146,0.4106025879768897,0.3830998623247227,0.3586516576740045,0.34142407699204735,0.3238853532149625,0.30949009414442374,0.2957054067389268
1,0.0754989971412326,0.27073840399342014,0.11884822572377131,0.1511819997195641,0.17587929256250345,0.19969142926224162,0.21855496748992112,0.2332317973369123,0.24949156939836323,0.26099478986794217
2,0.11153514176357254,0.21669691944915434,0.1545019813201981,0.17866861296717185,0.1929555934239639,0.20323456289773026,0.21035221869373047,0.21335046005833466,0.21694819076297253,0.217435850861536
3,0.00042854393793345815,0.0060045915671718565,0.0009394066419085096,0.001482554653203657,0.0020682002268812153,0.0026853722002418727,0.0033079667294179348,0.003960809081547433,0.004622724568815798,0.005303449089471377
4,0.4904462907256203,0.59915285934839,0.546122212672492,0.5726625045759126,0.58359445876904,0.5895188726543475,0.5933851870420772,0.5954960753261498,0.5974373564224589,0.5983777395788569
5,0.4904462907256203,0.6331935243610436,0.6017981346193637,0.6330262316645252,0.640064355328204,0.6411116172611466,0.640218912682386,0.6393674360540202,0.637302299169994,0.634763030311673
6,0.5375352266016493,0.6327497331983064,0.5589677041426472,0.5748852251839773,0.5869727955824828,0.5986032567907196,0.6077670706894385,0.6148327424710551,0.6226810904213516,0.6281572143896711
