,top1,top10,top2,top3,top4,top5,top6,top7,top8,top9
0,0.04228938865810374,0.04676701841506309,0.041926299957026215,0.03923546451479413,0.04245004297378599,0.042269891292237634,0.04427261561805322,0.044783403023626475,0.044557200894491396,0.04609601723195758
1,0.0010683537873960119,0.016632197732607233,0.0030211230421015095,0.00407452678987459,0.0060371450660199714,0.007257768241462629,0.009780646411565414,0.011483660304242664,0.012846269807314525,0.014949550026676034
2,0.002046646393611053,0.02036024165964146,0.005123872108404138,0.006597346997537212,0.009279239595247511,0.010809445296493355,0.013554836700095121,0.015355377201849412,0.016721907296092478,0.018817405722403625
3,0.0008004208833344334,0.007967233809288128,0.0016018211883910985,0.0024099459701938317,0.003201685213642456,0.0040029990901806825,0.004793458460433224,0.005589186643527754,0.006389463504843783,0.0071759729917240025
4,0.04228938865810374,0.09907583148970489,0.05955152079453756,0.06872257768440262,0.07823351212550467,0.08302946622313473,0.08820157358332406,0.09172104707486459,0.09383342750428411,0.09688735164759375
5,0.04228938865810374,0.1500880189052308,0.07681365293097137,0.09339162917415313,0.11016786612559282,0.11824879622468171,0.12808461064337376,0.13548527394830273,0.13873766195297174,0.14479548676868303
6,0.500133966452031,0.5043285525660166,0.500709297915876,0.5008323271297128,0.5014170286345057,0.5016271397948537,0.5024911702196198,0.5029445985263061,0.50322654305638,0.5038830670511786
