,top1,top10,top2,top3,top4,top5,top6,top7,top8,top9
0,0.5155441754603766,0.21048301739642533,0.40667128236960637,0.35082326632605937,0.3143940298269907,0.28492495503668774,0.2640102500437697,0.2482631428162157,0.23431431942255965,0.22244261761642325
1,0.07634179193807245,0.22832429125299072,0.11340253160834049,0.13564291632732126,0.15630535755743388,0.1709235846932537,0.1834217672978094,0.19833171676510342,0.20870129404126161,0.2209002894919175
2,0.11524374800992054,0.1649422852468767,0.14594704636094782,0.1566025660101001,0.1634708405397825,0.1652705280265517,0.16578618577556925,0.16764041004464952,0.16719692496190658,0.16747024744918773
3,0.00040538000706517977,0.006594829835344964,0.000993270500959629,0.0016288182938849786,0.0022923508678078523,0.0029876899645830336,0.0036895139388421665,0.004397163386267127,0.005117485483111432,0.005845939860774473
4,0.5155441754603766,0.6196443658675967,0.5702909882379156,0.5930836742056483,0.6029402889854475,0.6084429231193663,0.6116132345997337,0.614737644847049,0.6166702217621678,0.6181583880548034
5,0.5155441754603766,0.6440354522530204,0.6250378010154547,0.651381169797841,0.6555078939459719,0.6544381822754135,0.6512265265704226,0.6502900143815189,0.6469746320915942,0.6441318726852858
6,0.5379682059655035,0.6112242399600398,0.5562206759504676,0.567051468656872,0.5770810440191976,0.5840827246674893,0.5900258045054868,0.5971656904449114,0.6020418009921389,0.6078232034733095
