,top1,top10,top2,top3,top4,top5,top6,top7,top8,top9
0,0.6228174887392764,0.32898920084674277,0.5462694376800522,0.49585647816560285,0.4583109511531299,0.4267531713062442,0.39959983977674873,0.3774712769126177,0.36010664860176034,0.3436726847651743
1,0.09322133799834435,0.30495975736544906,0.14423443661509455,0.1818167246243046,0.2099168106863092,0.23126528281141018,0.25044021660180465,0.26592214654957874,0.28114496932895827,0.2931857228843489
2,0.14070510374338352,0.25015785010944136,0.19059335703558355,0.21724267777089584,0.23190516214276596,0.23990216960899757,0.24504668220748796,0.24765446795794677,0.24979923523268,0.24991220694961427
3,0.0003171467266555214,0.005613411231665326,0.0007612106821093589,0.0012675512985419377,0.0018150074718021334,0.0023998750519655253,0.003015533054565848,0.003646836953700849,0.004283823609842356,0.004941434392732379
4,0.6228174887392764,0.696711338498272,0.6616222206306005,0.6778461511934512,0.6854332129006245,0.6899470520513352,0.6926541352984555,0.693565907159948,0.6954146752447496,0.6963566058111372
5,0.6228174887392764,0.7004219163705825,0.7004269525219247,0.7134247145973909,0.7140789601732587,0.7133492801430837,0.7117166567870992,0.7064905509745844,0.7048941715919178,0.704054741286579
6,0.5464520956358444,0.6501515185602613,0.5717539862409464,0.5903203941071706,0.6041368633211621,0.6145702147974248,0.6239058633613335,0.6313961233097197,0.6387549802779443,0.6445228773571612
