,top1,top10,top2,top3,top4,top5,top6,top7,top8,top9
0,0.6086978147034013,0.3131195387480303,0.5405296519123335,0.4842973255449978,0.4464538668449283,0.41077050406659366,0.3842675489556309,0.362346039022017,0.3437698952712919,0.32783825940250566
1,0.09229914723289787,0.2842702163037956,0.1452878942829054,0.17789487869298629,0.20476270710442232,0.2210441465520886,0.23632684870437468,0.2504875959692393,0.26232865898368096,0.27424464442123386
2,0.13897184969503706,0.2352645369163195,0.19210233541627159,0.21394016774319696,0.22795640681085969,0.2306133404212109,0.2334296969169645,0.2351723061570813,0.23575425680282164,0.23620351126510172
3,0.0003292344310382057,0.005744664917052828,0.0007703662963131893,0.0012962724852736728,0.0018541188702232837,0.00246496721462635,0.0030898171969300585,0.0037335088593017504,0.004390939066689653,0.0050594039718870176
4,0.6086978147034013,0.6854026026046509,0.6552258909102484,0.6676882888475069,0.6735121321364339,0.6780315419631062,0.6807316618652745,0.6826430290001053,0.683964572395671,0.6849095977820372
5,0.6086978147034013,0.6938826883123643,0.7017539671170956,0.7077428162004591,0.7039863048168977,0.7049164551775514,0.7034556781727466,0.7010850833729323,0.6988842512023606,0.6969505774834406
6,0.5459849564009298,0.6397471781201012,0.5722749199380376,0.5883486491986075,0.6015436457010808,0.6094365910410455,0.6168252049739746,0.623646416015361,0.6293075982889216,0.6350007964729684
