,top1,top10,top2,top3,top4,top5,top6,top7,top8,top9
0,0.9274737780324371,0.6282672014515593,0.8854291012112241,0.8430302885610148,0.8091391912970125,0.7758356013942613,0.74588897377538,0.7144050859134663,0.6820424783937353,0.6533381612524995
1,0.13490821824524307,0.5386022611143154,0.23000808216838348,0.30014098989273746,0.35800438922344563,0.40298467375640645,0.44121737801371846,0.4741959113025795,0.497791434823884,0.5183467802006338
2,0.20376981451830117,0.4636198285471444,0.3062486267460671,0.3656517481513642,0.4059234908936381,0.43136680656011517,0.44884414297215075,0.45902106070528725,0.46208325039899956,0.46285160714569046
3,6.12434837085332e-05,0.0030797043180664503,0.00019146855408386996,0.0003921548247194201,0.0006343059609029537,0.00093018208875162,0.0012650701746638909,0.0016579407889154385,0.0021084606344698668,0.0025847702985967104
4,0.9274737780324371,0.9508606410142723,0.942599158032119,0.9477526964724358,0.950046621252394,0.9504711863417636,0.9505898947938054,0.9507894159430472,0.9507894159430472,0.9507894159430472
5,0.9274737780324371,0.9362901548993279,0.9577245380318007,0.9556212889458475,0.9509614618237728,0.9480474523229782,0.9458619039482384,0.9427582794291318,0.9405688812194262,0.938365669500269
6,0.5674234873807669,0.7685314743720587,0.6149245567516937,0.649927655084983,0.6787905178642146,0.7012062964693626,0.7202426543256579,0.7366359363818231,0.7483358508089131,0.7585128409544789
