,top1,top10,top2,top3,top4,top5,top6,top7,top8,top9
0,0.9513699883811615,0.6407025418198606,0.9111825351350491,0.8709950818889368,0.8362544565407694,0.8024522911394428,0.7646246823388354,0.7287623663321993,0.6961134090149453,0.6670358344784161
1,0.132947975398599,0.5410656573110998,0.2295818144582738,0.3048863460676738,0.36493687980343575,0.4126333826988183,0.44856441970368494,0.47771884495443345,0.5021388222180075,0.5246042727974926
2,0.20269824348574914,0.47181564908502927,0.3081915079230149,0.373712197676802,0.4170992467016156,0.4447645288350194,0.4598392223853236,0.4678422009851873,0.4713958964768459,0.473407843332218
3,4.0195701699268634e-05,0.002976948162737796,0.00014710240847198283,0.0003205641711112486,0.0005419287765553871,0.0008170683353370773,0.0011684242681876745,0.001572143354850508,0.002013107190104261,0.0024818406674412953
4,0.9513699883811615,0.9630608476977192,0.9601617087650607,0.9620378328478887,0.9629211828932498,0.9630608476977192,0.9630608476977192,0.9630608476977192,0.9630608476977192,0.9630608476977192
5,0.9513699883811615,0.9462394117481641,0.9689534291489599,0.9654815608653802,0.9602518989878819,0.9560229854954579,0.9540293972706057,0.9517851747415722,0.9500432110301802,0.9474132348221115
6,0.5664538898484494,0.7698401007846447,0.6147322189676552,0.6523304285678908,0.6822963911019534,0.7060788628879778,0.7239649194999674,0.7384534682955902,0.7505697161850242,0.7617010711706025
