,top1,top10,top2,top3,top4,top5,top6,top7,top8,top9
0,0.5458645689092616,0.5229320855019179,0.590688615129956,0.6161466042750953,0.6140924175142052,0.6049941109996979,0.591163448938123,0.5755224498241261,0.5586870712569036,0.5411221994089777
1,0.0884340995997004,0.4695643200859788,0.1617455561582434,0.23346652097952786,0.2856423289352854,0.32866744507439777,0.3669791506805942,0.40012326768025547,0.42705539489542865,0.44982589111747384
2,0.13076316339734484,0.39610323413529314,0.21167888076464692,0.2776487439896276,0.3171142027012243,0.34479787669507717,0.3650561507408883,0.3798191617487609,0.3890863243533714,0.394293445365304
3,0.0003806986805414308,0.003974814584099756,0.0006850863751383661,0.0009619090220776008,0.001288374049755976,0.0016475863712115974,0.002045972678946008,0.002477221240437064,0.0029427095759460105,0.003441071660951779
4,0.5458645689092616,0.7117378832113471,0.6552537442900571,0.689736228493212,0.7034928138280097,0.7077356793837244,0.7099632865927095,0.7108671003456852,0.7112197440293345,0.711457160933418
5,0.5458645689092616,0.8068096330253488,0.7646429196708526,0.7845775746917225,0.7968264828678844,0.7999418534183691,0.8027469694074664,0.8034795542746113,0.8047787210886159,0.8056410204058252
6,0.5440267004595793,0.7333122421098094,0.580536381290542,0.6162657596423471,0.6422217981610185,0.6636014406348391,0.6826144754978681,0.6990399873158832,0.7123605374145356,0.7235973496780863
