,top1,top10,top2,top3,top4,top5,top6,top7,top8,top9
0,0.6593810183195657,0.3517233283993061,0.5874277801652104,0.535739202173094,0.493495241051107,0.457260978210699,0.42972724909410187,0.40562308579068357,0.3848058818380047,0.3666625549772668
1,0.10485650759072317,0.3467055087826395,0.1663487775594185,0.20830800799320232,0.2401364993537729,0.26413515341626304,0.28513310215022614,0.3040623231565174,0.31972716497683357,0.33391445668987324
2,0.15605285042279626,0.2735577793280431,0.21605039729076325,0.24458854412269432,0.25952273926123925,0.2663777447887807,0.27112590630097805,0.2734070573030918,0.2742277057018962,0.2738772398811845
3,0.000286356254951401,0.005420065011213286,0.0006924118007954651,0.0011673083474351511,0.0016960760115715928,0.0022699818363742137,0.0028612650783072626,0.0034785318965391905,0.004114784015968564,0.004765379781687805
4,0.6593810183195657,0.7436359795686301,0.7073266326059622,0.7240300392069481,0.7312679389029484,0.7357845633916399,0.7395577015921523,0.7405652549740074,0.7420613793751597,0.7430033099415472
5,0.6593810183195657,0.750989093774428,0.7552722468923586,0.7663142496566072,0.7643283558111402,0.763471063407831,0.7633091914381065,0.7582757172393068,0.7550878857933886,0.75408184686562
6,0.5522850756678859,0.6711932114253584,0.5828461020130495,0.6036222502738324,0.6193186890184873,0.6310902846236177,0.6413594124964934,0.6505862722873211,0.6581811702044289,0.6650347185498384
