,top1,top10,top2,top3,top4,top5,top6,top7,top8,top9
0,0.9474358974358974,0.561025641025641,0.8756410256410256,0.8517094017094018,0.8105769230769231,0.7417948717948718,0.6931623931623934,0.6542124542124542,0.6145833333333333,0.5856125356125356
1,0.1094171823678465,0.5655470731039991,0.18943265533398362,0.2709296097816022,0.3743912661939227,0.40939952415284486,0.4471568594101801,0.4929254263552177,0.5179437668242222,0.5410776699581253
2,0.19043914551043883,0.5000384968761197,0.29755183871905505,0.38845655161831627,0.4591806256285636,0.4715299072655146,0.485242405074948,0.501176662981329,0.49977685100105984,0.4998441414075495
3,0.0008652982416974954,0.0824124469910785,0.004272549892045939,0.007697162653505495,0.013345829763190908,0.023179217542733783,0.03341837317395539,0.04520260951156153,0.05782586529332374,0.07004320115685
4,0.9474358974358974,0.9619658119658119,0.9474358974358974,0.9529914529914529,0.9619658119658119,0.9619658119658119,0.9619658119658119,0.9619658119658119,0.9619658119658119,0.9619658119658119
5,0.9474358974358974,0.9275375701671426,0.9474358974358974,0.9579513933287551,0.9470565266877979,0.9459122048297031,0.9451041961318083,0.9383313471525139,0.9363881589435423,0.9301009072401601
6,0.5542759420630744,0.7566155990265664,0.592839183322258,0.6321132656308244,0.6807199544800511,0.695428349101133,0.7112049415285537,0.7299610752709812,0.7391350727842688,0.747629234609725
