,top1,top10,top2,top3,top4,top5,top6,top7,top8,top9
0,0.908974358974359,0.6243589743589744,0.8230769230769232,0.8333333333333333,0.7692307692307693,0.744102564102564,0.7258547008547009,0.7065934065934065,0.6814102564102564,0.6413105413105413
1,0.12877615672682086,0.6319188914255327,0.20584291174424002,0.2967985556505481,0.34845220525486176,0.4117501365034572,0.469427392131377,0.523321578976228,0.5712704148757279,0.5902448918008691
2,0.19932803439932772,0.5622909517982823,0.29176762293483927,0.3915985947603595,0.4278304344254312,0.4729694695951699,0.5103943027574172,0.539570111679678,0.5574343397938535,0.5501491645846803
3,0.001630300788954635,0.06859120326698134,0.006233944107347224,0.008870578399907259,0.016427828335149074,0.02300076922117799,0.029428304514797853,0.0370055668682325,0.04616178445446853,0.05890805988648238
4,0.908974358974359,0.9371794871794872,0.9256410256410257,0.9256410256410257,0.9256410256410257,0.9371794871794872,0.9371794871794872,0.9371794871794872,0.9371794871794872,0.9371794871794872
5,0.908974358974359,0.9158455960681813,0.9423076923076923,0.9146274238255516,0.9101851691517002,0.9322561980383138,0.9258635992834564,0.922298815376287,0.9169447140650331,0.9162519646845927
6,0.563572927968933,0.7941548010341525,0.600245780131786,0.6446167856300472,0.6678994496560493,0.6971235349299627,0.7237428715073486,0.748227890084874,0.7693092119877584,0.7763085545508672
