,top1,top10,top2,top3,top4,top5,top6,top7,top8,top9
0,0.9641025641025642,0.5774358974358975,0.9378205128205128,0.8867521367521367,0.8445512820512819,0.7646153846153847,0.724145299145299,0.6604395604395604,0.6379807692307693,0.6062678062678063
1,0.11275051570117986,0.596451539008465,0.2131933390946674,0.29191760326959565,0.4021396289422855,0.4377373482164753,0.48238166903726676,0.5006779516077429,0.5393838082642637,0.5710513999318553
2,0.19599470106599437,0.5251285560943059,0.331495672662889,0.4153582610200257,0.490795580840066,0.500243741355158,0.5205872402684661,0.5099189051916163,0.5237248809552817,0.5270579255200224
3,0.0006048815750308288,0.08011434295790167,0.0020894347756059244,0.006236331396368569,0.011740346649572603,0.022494586100902395,0.031420133414677975,0.04474898107653127,0.05473455625186287,0.06695634761405503
4,0.9641025641025642,0.9730769230769232,0.9641025641025642,0.9641025641025642,0.9730769230769232,0.9730769230769232,0.9730769230769232,0.9730769230769232,0.9730769230769232,0.9730769230769232
5,0.9641025641025642,0.948918402682027,0.9641025641025642,0.9610269787156596,0.9725674330494105,0.9708183709123062,0.9679520782370523,0.9664774694520113,0.9633521039770623,0.9557713010443452
6,0.5560728170630744,0.7739585260877432,0.6056554006960571,0.6434416119003924,0.6955354148054848,0.710326860091813,0.7300574485820757,0.7358619083834939,0.7523521190011504,0.7645604584771842
