,top1,top10,top2,top3,top4,top5,top6,top7,top8,top9
0,0.9474358974358974,0.5578205128205129,0.8839743589743589,0.8175213675213676,0.7705128205128204,0.6776923076923078,0.6130341880341881,0.6016483516483516,0.5799679487179488,0.5756410256410256
1,0.1094171823678465,0.5686332461901721,0.19359932200065028,0.2688355001874925,0.35778250458516114,0.3764792037325244,0.39549902202653625,0.45577215847614333,0.49061489199534736,0.5374361263165817
2,0.19043914551043883,0.5008842290254075,0.3031073942746106,0.3800789569907217,0.4354321418348308,0.4274950069806144,0.42249760561962224,0.45751579964064115,0.46981088936663673,0.4935556576478014
3,0.0008652982416974954,0.08290952941447574,0.004012133225379274,0.009737698177616168,0.016447607434280906,0.029303312402807636,0.04258792809515576,0.05201689534206898,0.06295137633070945,0.07142323760531341
4,0.9474358974358974,0.9619658119658119,0.9474358974358974,0.9529914529914529,0.9619658119658119,0.9619658119658119,0.9619658119658119,0.9619658119658119,0.9619658119658119,0.9619658119658119
5,0.9474358974358974,0.9073965742582136,0.9474358974358974,0.9442295508333349,0.9559992317797263,0.954224716102196,0.9510657742429282,0.9276469331828305,0.9202724014979858,0.9122549561866844
6,0.5542759420630744,0.7542485960429622,0.5950201729055914,0.6301722436940631,0.6713578149382505,0.6768572864104784,0.682308305689887,0.7081269760843553,0.7220139040528992,0.7421150607182256
