,top1,top10,top2,top3,top4,top5,top6,top7,top8,top9
0,0.9141025641025642,0.5823076923076924,0.7814102564102564,0.7380341880341879,0.7006410256410256,0.6753846153846154,0.6378205128205128,0.6311355311355311,0.6198717948717949,0.6108262108262108
1,0.10108384903451317,0.5593723619482632,0.16107256402322817,0.221610401335259,0.2928263405018623,0.3423492504754364,0.37692656682694636,0.4332326174071905,0.4824664645917018,0.5268357319116332
2,0.17710581217710553,0.5197388483518756,0.25706842715011713,0.3246010171745466,0.37954942851999085,0.41740508329397513,0.4347277802821048,0.47022067172482357,0.4961898530096798,0.5174687290093911
3,0.0013861315750308288,0.07787280419722599,0.007991268839751271,0.01419217861610411,0.022311057235681334,0.030106698582901475,0.04033813517486885,0.04794880021424692,0.05643235392874407,0.06490901854680521
4,0.9141025641025642,0.9267078754578755,0.9141025641025642,0.9141025641025642,0.9189102564102565,0.9222435897435897,0.9222435897435897,0.924624542124542,0.9267078754578755,0.9267078754578755
5,0.9141025641025642,0.8600297389527611,0.9141025641025642,0.8932832168681335,0.892800419989134,0.8878031805577742,0.8864056120348743,0.8818187655503215,0.879836529060634,0.8750452173269948
6,0.5498488587297411,0.7488249444046088,0.5769069238088861,0.6044228274385215,0.6360990158655406,0.6578211197119235,0.6715846057881643,0.6963560196709353,0.717553211704705,0.7366762419280246
