,top1,top10,top2,top3,top4,top5,top6,top7,top8,top9
0,0.4282051282051282,0.3897435897435897,0.40320512820512816,0.4179487179487179,0.43493589743589745,0.4146153846153846,0.3952991452991454,0.38901098901098896,0.4059294871794872,0.40014245014245015
1,0.03388415506062565,0.31694977522302004,0.06360415728062786,0.09654644199710613,0.13958969504035917,0.16416997139482908,0.18888761038666163,0.2173733838724351,0.2657377465109913,0.29168688996013475
2,0.061634771490103706,0.32426990722950044,0.10670101678270677,0.15117951197235086,0.20237825071488885,0.22351095739360594,0.23976046284830985,0.26058075632998207,0.2984222733477843,0.3128927776634929
3,0.010868305089131235,0.1239165425412165,0.022909040938941267,0.033359336559859315,0.04353937062482661,0.05610570501905629,0.06989481111392443,0.08254929385353144,0.09141909676679197,0.10378705921891807
4,0.4282051282051282,0.547184065934066,0.45448717948717954,0.504059829059829,0.5172008547008548,0.5248931623931624,0.530448717948718,0.5399725274725274,0.547184065934066,0.547184065934066
5,0.4282051282051282,0.6337536267735985,0.4807692307692307,0.56182430097528,0.5767509123274646,0.589447087444812,0.5959385693316022,0.6162700387555853,0.6317732284170379,0.6324411532365168
6,0.511507924985747,0.5978448296605763,0.5203847285017938,0.5315929058371162,0.5477051545931355,0.5540501160517346,0.5600260515165651,0.5681791508470115,0.586731467136504,0.594111622874136
