,top1,top10,top2,top3,top4,top5,top6,top7,top8,top9
0,0.7012820512820512,0.5026923076923078,0.6737179487179488,0.6376068376068376,0.6397435897435898,0.6243589743589744,0.5997863247863249,0.577106227106227,0.5533653846153846,0.5327635327635327
1,0.10119679164745576,0.4807770374610982,0.1657170698442046,0.2141645737423726,0.2797518822803453,0.3222927927719199,0.3572237206535118,0.39423960062005603,0.43285795218907175,0.46439389990149005
2,0.15124580960657663,0.43263015831676954,0.23022897639619272,0.27908306290659235,0.3417700288514509,0.37524334275533067,0.39618258563607867,0.41520384003709054,0.4292147428380632,0.4379744885959018
3,0.005362679861407237,0.09156962073782143,0.011840854353621214,0.019446919020193867,0.025916671018918647,0.033532708932697636,0.04277400423331458,0.0528999585219832,0.06470508834846467,0.07688378899415374
4,0.7012820512820512,0.748133903133903,0.7262820512820513,0.7262820512820513,0.7346153846153846,0.7379487179487179,0.7407264957264957,0.7407264957264957,0.7407264957264957,0.748133903133903
5,0.7012820512820512,0.7622976866472138,0.7512820512820513,0.7385065427518325,0.7506444940897552,0.7566082215645489,0.7623580726539821,0.7552553404746448,0.7487746661913179,0.7679731217777671
6,0.5479170558930242,0.7054114514446885,0.5772501769575555,0.5982344481901309,0.627958505298605,0.6463171137959388,0.6604154478711253,0.6750765122192781,0.689933804518622,0.7014997258467333
