,top1,top10,top2,top3,top4,top5,top6,top7,top8,top9
0,0.9833333333333334,0.5937179487179487,0.894871794871795,0.8782051282051282,0.8064102564102564,0.77,0.7217948717948719,0.6880952380952381,0.6600961538461538,0.6354700854700854
1,0.14531461826528239,0.6009357658646084,0.23090342312828083,0.3166240242995461,0.36849643662262255,0.4267485803254304,0.47011040368725376,0.5116306681581824,0.5556544639561717,0.5914261759043542
2,0.22633658140787472,0.5371268443869351,0.3296979725242278,0.4202280208897856,0.4562940311914576,0.4955341970096886,0.5127146344227145,0.5286692635998695,0.5436894992617548,0.55258621453354
3,0.00026041666666666666,0.07667906501164588,0.004079474305111585,0.006613961368120543,0.014329705413269323,0.02130328732493927,0.03114096831036849,0.04072456002173406,0.05140420501461675,0.06174922208646701
4,0.9833333333333334,0.9916666666666667,0.9916666666666667,0.9916666666666667,0.9916666666666667,0.9916666666666667,0.9916666666666667,0.9916666666666667,0.9916666666666667,0.9916666666666667
5,0.9833333333333334,0.9523902308750161,1.0,0.9806001537133714,0.9785455848268186,0.9761412240301967,0.9654990776657728,0.9580148417951446,0.954383509966076,0.9526362356872558
6,0.5725271007993078,0.7787526954446589,0.6139194508602444,0.6559961393686464,0.6795321922864612,0.7064182849228142,0.7251667314489373,0.7430891320568027,0.7617538166501308,0.7767826715674396
