,top1,top10,top2,top3,top4,top5,top6,top7,top8,top9
0,0.6846153846153846,0.5280769230769231,0.657051282051282,0.6200854700854701,0.6217948717948718,0.6133333333333333,0.5905982905982906,0.5763736263736264,0.555448717948718,0.5336182336182336
1,0.09934493979560394,0.49726947572772995,0.15551120641253469,0.1991510180030104,0.257615819418476,0.30287438262770333,0.3394130546170394,0.38145538961003855,0.42158404091516044,0.4539543394619296
2,0.14791247627324328,0.45574341529626716,0.21639836256557887,0.2616855910973558,0.3201125196939417,0.3591591954211833,0.3827595122130053,0.40902259438216065,0.4268014698365549,0.43582951818170057
3,0.005640457639185015,0.08628151433178874,0.012231814215782663,0.02020072358482266,0.027011952764647264,0.034369386517751344,0.0436280429294794,0.052897277759039005,0.06424981903706328,0.07633770771694039
4,0.6846153846153846,0.7479380341880342,0.717948717948718,0.717948717948718,0.7262820512820513,0.7296153846153846,0.7323931623931623,0.7323931623931623,0.7479380341880342,0.7479380341880342
5,0.6846153846153846,0.7852196641486026,0.7512820512820513,0.7389797097344332,0.7519612201775092,0.7580407074816411,0.7627132371674283,0.7556234357250495,0.793324759173067,0.7910069864116888
6,0.5468522410782094,0.7125744461973345,0.5720055776160164,0.5904106150162214,0.6164585721954587,0.6360266730736523,0.6506912634104773,0.6678757307579842,0.6833839608270487,0.6951348369627564
