,top1,top10,top2,top3,top4,top5,top6,top7,top8,top9
0,0.8012820512820513,0.4456410256410257,0.717948717948718,0.6452991452991453,0.5903846153846153,0.5766666666666665,0.5547008547008547,0.5205128205128206,0.4966346153846154,0.4743589743589743
1,0.07969690264756679,0.3787131462605846,0.14406595951662363,0.18618795341281108,0.21971146693632465,0.2640007379997892,0.2988479278469791,0.321390057163302,0.34612837440161914,0.36783453860778337
2,0.14184382778468632,0.38080496106539247,0.23108746366915364,0.2759054698025286,0.3037533745964066,0.3429189971883735,0.36648406407089895,0.3732246056614124,0.3823368245147387,0.3872900316241212
3,0.0036346045092802513,0.10745491548188321,0.010550710747019267,0.02018829364129981,0.031213101834565618,0.040611227296289104,0.05120481390448717,0.06454183763112235,0.07815548429974724,0.09211718914448458
4,0.8012820512820513,0.8493589743589745,0.8493589743589745,0.8493589743589745,0.8493589743589745,0.8493589743589745,0.8493589743589745,0.8493589743589745,0.8493589743589745,0.8493589743589745
5,0.8012820512820513,0.850545156147672,0.8974358974358976,0.8832408879578766,0.8697973815570947,0.8624755752279829,0.8608859764283286,0.8604372327234959,0.8544458854569846,0.854148718732266
6,0.5380311490691432,0.6457398288714015,0.5668812005522148,0.5836855504730429,0.595764053430363,0.6135894543993919,0.6265817848430649,0.6328267626170061,0.639914835119038,0.6455303214953921
