,top1,top10,top2,top3,top4,top5,top6,top7,top8,top9
0,0.7846153846153847,0.43397435897435893,0.6615384615384615,0.6269230769230769,0.5916666666666667,0.5628205128205128,0.5420940170940172,0.5117216117216118,0.4823717948717949,0.45242165242165233
1,0.08173699218765633,0.3724758650233034,0.13091984637051052,0.1766937439186016,0.21894935867421633,0.2538827078817591,0.28780364357688837,0.31677569004893485,0.33838010415334896,0.3504403587136035
2,0.14445455039540894,0.3711487015702738,0.21006790351915872,0.2626906290876879,0.30295589636084785,0.32999401022399516,0.35339382302013156,0.3659187369269723,0.3711292497649645,0.36719531101379294
3,0.004042634231533486,0.10964447096349106,0.01294156844933182,0.020929089910942236,0.030667975664439448,0.04108770231616886,0.05159721681400221,0.06518096373940462,0.07990608063714678,0.09526823229954086
4,0.7846153846153847,0.8350732600732602,0.8326923076923078,0.8326923076923078,0.8326923076923078,0.8326923076923078,0.8326923076923078,0.8350732600732602,0.8350732600732602,0.8350732600732602
5,0.7846153846153847,0.8257398945985859,0.8807692307692307,0.8417329547046735,0.8373748559823824,0.8350042583781258,0.8296231572261643,0.8287112049430274,0.828250105565195,0.8278362491278402
6,0.5388471789780613,0.6407996817184882,0.5592853310235532,0.5785105959290503,0.5952316854580436,0.6082441370099032,0.6206837482336321,0.6296348646170382,0.6348028842232685,0.6354576439888875
