,top1,top10,top2,top3,top4,top5,top6,top7,top8,top9
0,0.2153846153846154,0.16961538461538464,0.2057692307692308,0.19700854700854703,0.20096153846153847,0.18282051282051284,0.1702991452991453,0.17326007326007323,0.16474358974358974,0.17065527065527067
1,0.014460118734312282,0.1468410983211742,0.034744262694926836,0.048897038024172744,0.06697431477792008,0.07658646189006721,0.08475468255828786,0.09990044638052228,0.10789060437068027,0.13347335495343088
2,0.02660899342213168,0.1356368999462533,0.056049178862646355,0.07203537475596299,0.09037580373195997,0.09548933889752866,0.09863167193426986,0.11054303185344504,0.11315546075723287,0.12966727463093267
3,0.015588509791257327,0.16621460635808388,0.0319011212944191,0.04806019550456172,0.06377879169349476,0.0815790417125722,0.09927085703082365,0.11568082237861738,0.1338007581609751,0.14957715355252832
4,0.2153846153846154,0.3392511192511192,0.2608974358974359,0.2912393162393162,0.31335470085470085,0.32053418803418804,0.3260897435897436,0.3332326007326007,0.3373992673992674,0.3392511192511192
5,0.2153846153846154,0.43009097429156,0.30641025641025643,0.36076545628434353,0.3917633372050256,0.40528836659444417,0.4156314916133617,0.4294809975257804,0.4395154693939782,0.4306825610940638
6,0.49943580447152747,0.4906515346988434,0.5013762542075103,0.5004353878399419,0.5015775865002393,0.49776808304499776,0.49336275040725336,0.4927163162236592,0.4881125879987427,0.49213803240141685
