,top1,top10,top2,top3,top4,top5,top6,top7,top8,top9
0,0.9474358974358974,0.545897435897436,0.8839743589743589,0.7982905982905985,0.7705128205128204,0.6776923076923078,0.6226495726495727,0.5989010989010988,0.5775641025641025,0.5682336182336183
1,0.1094171823678465,0.5532995058564318,0.19359932200065028,0.25729703864903103,0.35778250458516114,0.3764792037325244,0.40342568317900385,0.4556005290303203,0.4903516874579492,0.5281107294911849
2,0.19043914551043883,0.48768901558676064,0.3031073942746106,0.36565588006764477,0.4354321418348308,0.4274950069806144,0.43171451483653145,0.45693575265708536,0.4691493713974265,0.485440578282722
3,0.0008652982416974954,0.08500809675143887,0.004012133225379274,0.01084716563323747,0.016447607434280906,0.029303312402807636,0.0414217601669741,0.05256716013575481,0.06349602945211695,0.07251795983894851
4,0.9474358974358974,0.9619658119658119,0.9474358974358974,0.9529914529914529,0.9619658119658119,0.9619658119658119,0.9619658119658119,0.9619658119658119,0.9619658119658119,0.9619658119658119
5,0.9474358974358974,0.9085813075393486,0.9474358974358974,0.9548758079418507,0.9522224119651651,0.9504478962876347,0.9401526370513114,0.9240608758926576,0.917968014829333,0.9104020137872966
6,0.5542759420630744,0.7464678356099189,0.5950201729055914,0.6240701726881459,0.6711359214471263,0.6766353929193542,0.6862091277335991,0.707744743133381,0.7215879259704163,0.7374368986913642
