,top1,top10,top2,top3,top4,top5,top6,top7,top8,top9
0,0.6846153846153846,0.5214102564102564,0.657051282051282,0.6145299145299145,0.6134615384615385,0.6099999999999999,0.5822649572649573,0.5620879120879121,0.5533653846153846,0.5336182336182336
1,0.09786345831412244,0.4880234439816983,0.1540297249310532,0.1954473142993067,0.2520602638629204,0.3010225307758515,0.33184691705090186,0.3683336964883454,0.41920308853420807,0.4524728579804481
2,0.14569025405102107,0.44798025740153036,0.21466676083397715,0.2570559614677262,0.3134458530272751,0.3567782430402309,0.37494288439637746,0.39553053089009715,0.4245792476143327,0.4353004176526001
3,0.005623096528073903,0.0873555164765889,0.012214453104671553,0.02045204633614541,0.027541053293747793,0.034647164295529116,0.044439461417639686,0.05456086197224637,0.06452304308077912,0.07632034660582929
4,0.6846153846153846,0.7451602564102564,0.7096153846153846,0.7151709401709402,0.7235042735042735,0.7268376068376068,0.7296153846153846,0.7296153846153846,0.7451602564102564,0.7451602564102564
5,0.6846153846153846,0.7824782841474526,0.7346153846153846,0.7420552951213377,0.7469790602382651,0.7523830113136366,0.7584403467696874,0.7533171879074675,0.7892340222389429,0.7872646648271581
6,0.5461201808930242,0.707478268052183,0.57126290786293,0.5884479827410891,0.6134487617898152,0.6348356457367917,0.6465886291114632,0.6607923012917966,0.6816360353671547,0.6938911720451181
