,top1,top10,top2,top3,top4,top5,top6,top7,top8,top9
0,0.908974358974359,0.6119230769230769,0.8442307692307692,0.814102564102564,0.8073717948717949,0.7915384615384615,0.7777777777777778,0.7258241758241757,0.6751602564102563,0.6413105413105413
1,0.13285023080089492,0.6143629288695702,0.21129061219194045,0.2865055153575078,0.3635722703749269,0.4428256350789558,0.512967278171263,0.5456881938428428,0.5652518963572095,0.5916347981907755
2,0.2053514262121932,0.5482982369033598,0.29963975080696714,0.37797679988856464,0.4496880639753684,0.5100590627717195,0.5566491590122734,0.5601478594679521,0.5512578692056183,0.5509405152417232
3,0.0016966815079088836,0.07089708963583322,0.005761309103462221,0.0100298878404667,0.013716455995460595,0.018332308165289544,0.023323578617667193,0.03429023932888986,0.04699933029647467,0.05897453529688807
4,0.908974358974359,0.9371794871794872,0.9256410256410257,0.9256410256410257,0.9256410256410257,0.9371794871794872,0.9371794871794872,0.9371794871794872,0.9371794871794872,0.9371794871794872
5,0.908974358974359,0.927494011167,0.9423076923076923,0.9193590936515585,0.9138808238302827,0.9375705258617393,0.9361097873978375,0.9337594875228967,0.9318773411148336,0.9289532207202549
6,0.5655767746464929,0.7876678864724717,0.6032393231889014,0.6392042454763919,0.6763331889279036,0.7139789226804087,0.7472465583745385,0.7610588474222585,0.7682829490200781,0.7788413690306263
