,top1,top10,top2,top3,top4,top5,top6,top7,top8,top9
0,0.8064102564102564,0.4853846153846153,0.6794871794871795,0.6547008547008547,0.6099358974358975,0.5735897435897436,0.5626068376068376,0.5291208791208791,0.5174679487179488,0.5047008547008546
1,0.10809466677113735,0.4784296097816022,0.1585463447228153,0.2169224130988837,0.25568096935743995,0.2958008494773201,0.35843599211246274,0.3854424116188822,0.41983822646536123,0.453503383081182
2,0.1752641558416423,0.4323205333924631,0.23596704966287008,0.2996737873048615,0.33158936697174324,0.3578026743820452,0.39337232861515303,0.39962556984495806,0.4155933861797995,0.4290205711766548
3,0.004116882371318062,0.09923617881162261,0.013039614813578015,0.020804463518297373,0.03125083722471166,0.042281915580049685,0.05156467893873854,0.0641788646853161,0.07469018275723102,0.08603412599163769
4,0.8064102564102564,0.8571260683760684,0.8230769230769232,0.8405982905982906,0.8454059829059829,0.8487393162393162,0.8547222222222223,0.8547222222222223,0.8571260683760684,0.8571260683760684
5,0.8064102564102564,0.8319485706200553,0.8397435897435898,0.8636810898603503,0.8681166560841089,0.8687942903299347,0.8527520701008313,0.8437436985232535,0.8363471276160348,0.8323301201830698
6,0.5519888921999095,0.698628162399121,0.5732875040366108,0.5989894631274557,0.6140978917686549,0.6295656390021261,0.656134503937103,0.6650829721803734,0.6782126851209986,0.6906640907658566
