,top1,top10,top2,top3,top4,top5,top6,top7,top8,top9
0,0.9423076923076923,0.5985897435897436,0.8743589743589744,0.8085470085470086,0.7326923076923078,0.7374358974358974,0.7286324786324786,0.6994505494505494,0.6689102564102565,0.6368945868945868
1,0.1404061933568575,0.5963613008679423,0.22228064068196896,0.2889485353005277,0.3330156973183539,0.41149067374399445,0.4759129436169285,0.5199179455725944,0.5559142895196026,0.5845611311171084
2,0.21746906004035338,0.533005787694502,0.3156287617959781,0.3792206948824596,0.4059551700049178,0.47019816682386706,0.5144996560935396,0.5337412646008308,0.5435453127826546,0.5453390838771638
3,0.001201923076923077,0.07307149137502456,0.0045256465294496295,0.01048930487109985,0.019507193673681422,0.023690158162190812,0.029264633564921837,0.037914947127165886,0.047778858930078924,0.05920347218968801
4,0.9423076923076923,0.9711538461538461,0.9711538461538461,0.9711538461538461,0.9711538461538461,0.9711538461538461,0.9711538461538461,0.9711538461538461,0.9711538461538461,0.9711538461538461
5,0.9423076923076923,0.9381722993992413,1.0,0.9801269867307708,0.9781568045594623,0.9546321862229469,0.9427615664768043,0.9405404158387225,0.9394927497176604,0.9384303295523669
6,0.5696021351399672,0.77665543636561,0.6093579351321168,0.6405053744948148,0.659411642655118,0.6966523390231738,0.7267868879098803,0.7463218842160027,0.7617018136916198,0.7732840691809825
