,top1,top10,top2,top3,top4,top5,top6,top7,top8,top9
0,0.3287616718109992,0.13397443363811093,0.2823753227340671,0.2528293828742261,0.22569666880204997,0.19688525226641834,0.18155611204938554,0.16476978072109405,0.15257617009298624,0.1432081869301599
1,0.07777375003667147,0.2473013782167358,0.12165685715213065,0.1605220708591389,0.18401510009245575,0.19663797905348523,0.210490155667633,0.21855802336884064,0.23035904127049645,0.23929801161310227
2,0.11093578016045065,0.14236601615988248,0.1452388270135664,0.16421190380944117,0.16814155231401046,0.16194777044763786,0.16040142293902057,0.1539445137888991,0.15038824376677437,0.14686586430002052
3,0.0010922837382224759,0.014089735115258671,0.0023338740904957586,0.003643117871471444,0.005034159828406971,0.006528901721921686,0.007986831876541749,0.00951036065457521,0.011028856890146255,0.012544254798345107
4,0.3287616718109992,0.40364749197228383,0.36469192242734844,0.38413523447155734,0.3921271491338756,0.39632511857848185,0.39833512899656404,0.39975432692441026,0.40169194461314905,0.4024220731459681
5,0.3287616718109992,0.4489863277139052,0.4006221730436977,0.4329660904277302,0.44450349597700084,0.44730954081344215,0.44677742870061543,0.44721810210714924,0.44802193568151827,0.44725685148216815
6,0.5366979439503814,0.6158207347321661,0.5580461459246507,0.5768585359065291,0.5879821101839638,0.5936558453556593,0.5999575635378028,0.6033611977021462,0.6086133239873315,0.6124536843285436
