,top1,top10,top2,top3,top4,top5,top6,top7,top8,top9
0,0.3124890804263002,0.12091316754993901,0.26994884786364604,0.2391596943166451,0.20609967386873218,0.18121542134995056,0.16641672975753694,0.15018053695183733,0.13885875895405045,0.12943873930421004
1,0.06679183308778697,0.2201279928661986,0.1140518866868404,0.14443856413336456,0.1600759742562122,0.17290693767813536,0.188693354276868,0.19563154595987833,0.2054518111167307,0.21395967819848952
2,0.09846936602450002,0.1297070629173767,0.1365415181721652,0.1521743434947092,0.15049547662560994,0.14691951324905547,0.14716055569532566,0.14123357916021081,0.13730345504470476,0.13402203450866704
3,0.0011214371331656047,0.014310790162523561,0.0023801829478806522,0.0037185737370713885,0.005171303454078959,0.006666413482032132,0.008142860662591367,0.0096834392105443,0.011214386027703756,0.012754821695454787
4,0.3124890804263002,0.3754852469818838,0.3490575194611069,0.35707167769948034,0.36229972692977175,0.36604150085091786,0.3691531749267175,0.37087604099935945,0.37293923378564636,0.3742792407310345
5,0.3124890804263002,0.41502741574738755,0.38562595849591363,0.3919781303318991,0.39882153355027783,0.4033529662938685,0.4068387737044006,0.40834944100375725,0.41083281120096604,0.4127973917189089
6,0.5311924087784676,0.6020236488771508,0.5542096026046558,0.5687758455166966,0.5759457411718207,0.5817015974338688,0.5889311232233081,0.591747621118652,0.5959940820544702,0.5995881555034335
