,top1,top10,top2,top3,top4,top5,top6,top7,top8,top9
0,0.004367829479937103,0.0076417603323432936,0.00651291906897288,0.006893082005189628,0.0073731388193271595,0.008326053617533438,0.007666349594600715,0.007658954327756377,0.007107429192630986,0.0072883436112135686
1,0.0007962391370463119,0.009791666113553144,0.001541176061643108,0.004430788917281885,0.0050565097397388984,0.006016858198176595,0.006773584655575697,0.0076285277056206,0.007914699866792762,0.008657416737470737
2,0.0012996892601312845,0.006509478483534075,0.0021877891696221426,0.003752278752155747,0.0041579771715231795,0.004987950984948042,0.005156211444063292,0.0054868051102674896,0.005459411542825297,0.005887620042441317
3,0.0016218774744926742,0.016160276055565463,0.003235463937349612,0.00485133166977309,0.006465665997966948,0.008074537378688153,0.00969641991139901,0.011312396663456785,0.012935955970454525,0.014550284058769097
4,0.004367829479937103,0.017336903167300348,0.008155708267815892,0.01034609386627324,0.012278858411145406,0.014273500540316683,0.0150014721203062,0.015780055057761658,0.016185899213605814,0.016795777626174804
5,0.004367829479937103,0.031084195451614463,0.011943587055694678,0.01588981205646619,0.01968449171245974,0.02370204683225791,0.025391753928093366,0.027167869269451517,0.028250120351702598,0.029562958966499672
6,0.49794439163243376,0.49518090711657675,0.4975100969197167,0.49814334080997924,0.49765129757801985,0.4973282835685435,0.4968975767857113,0.49651837842714935,0.4958544218790082,0.49542030189960734
