,top1,top10,top2,top3,top4,top5,top6,top7,top8,top9
0,0.48515908605594704,0.17154650282452993,0.4083313920757867,0.3379858805867775,0.2906268805932483,0.2565216547279331,0.23029947133086137,0.21468921853290862,0.1979421456719663,0.182545614159964
1,0.14465235183809444,0.3647767577658203,0.21891782989496597,0.25574995441149984,0.282342551141578,0.30097408466388886,0.31282658011222597,0.33290915123384657,0.34520859288528877,0.3523190746110633
2,0.1923770251839928,0.19195596832331557,0.23944999231826336,0.24148240662229273,0.23526708893653905,0.22677976823073787,0.21661475215862072,0.21383023571182647,0.20643042315918478,0.19774962755168937
3,0.0008375555977428512,0.013469640660800112,0.0019224186393110012,0.003227229230401364,0.004610661620677138,0.006042286274212945,0.0075064933096931855,0.008934616884869523,0.010432142055766518,0.011961739998041456
4,0.48515908605594704,0.5585829158859268,0.5362796769747442,0.5458015452410071,0.5510490070467648,0.5539094500417371,0.5548242676605906,0.5556083970481793,0.5564346447914673,0.5571604594186274
5,0.48515908605594704,0.5761674322084206,0.5874002678935414,0.5923979077975132,0.5948847902589431,0.5919688471551923,0.5875832098747987,0.580565244863503,0.5764881861070719,0.5747545657559255
6,0.5702646089213327,0.6754749636455478,0.6069116184840242,0.6247925885700012,0.6375405457998112,0.6463083662495156,0.6516989347299956,0.6611830163925386,0.666785334086412,0.6698084086336464
