,top1,top10,top2,top3,top4,top5,top6,top7,top8,top9
0,0.2832246229107216,0.16226535049405025,0.27284617475200434,0.24691501821546677,0.22592840642167997,0.20827266903500097,0.196515119160859,0.18601823118158806,0.17585063479121776,0.1702574538897408
1,0.09894491289106427,0.363541663441748,0.1662938754555465,0.20939832888780388,0.24067163116907,0.2712993524436867,0.29352203220709105,0.3123094602851723,0.32793651682182934,0.35024912251093604
2,0.12600500189990482,0.18351101537400363,0.1727155823417269,0.1857516918395674,0.18953793332145083,0.19037857259879254,0.19067245886412532,0.18903101818455148,0.18632818478950552,0.18703148674924736
3,0.001166314214291163,0.01362048935383013,0.0023675869725566542,0.003676510448230643,0.005036493168834073,0.006437841294612324,0.007839410727701567,0.00926285423227011,0.010719192781672863,0.012141042239201691
4,0.2832246229107216,0.4138894781992157,0.35324820918991323,0.3782063103811983,0.3919576935272003,0.39944900639967906,0.4045901034690273,0.40898011874949747,0.4109225895821028,0.4132245974894919
5,0.2832246229107216,0.5032713759512382,0.4232717954691049,0.456880666664997,0.47845822995922005,0.48646272292901793,0.49464086288957826,0.5023652618057349,0.502478248202495,0.505877088161865
6,0.5472465101395435,0.6743436763674368,0.5803457256570289,0.6013076548911268,0.6163571704409555,0.6310671415487172,0.6416076957291407,0.6504353201020582,0.6576860548436014,0.6682513845838151
