,top1,top10,top2,top3,top4,top5,top6,top7,top8,top9
0,0.48828936384990196,0.19698134451497704,0.41519131093122125,0.3516814525783135,0.3136938733911828,0.28466988915419433,0.2565137279262839,0.23659561664045992,0.22061300060178984,0.20861184986745546
1,0.1392868325963211,0.39674014062324786,0.21539799086370728,0.25648946816526624,0.2884726578779073,0.31907902479881417,0.33472729906827153,0.35045336629012636,0.36624881738095305,0.38272706334015394
2,0.18782231984662298,0.2157913189684755,0.23736877281857036,0.24362757402164134,0.24599967637410486,0.24419124539371623,0.23556783328465172,0.2296798624322383,0.22447213888471776,0.22071505669029615
3,0.0008318049647371976,0.013047634457061568,0.001894899290689922,0.003154651204522412,0.004457004701347816,0.005807380859656928,0.007245484752850416,0.00868284639011668,0.010129802805345091,0.011573304026551092
4,0.48828936384990196,0.5736207654008743,0.5404145555490847,0.5547814791088332,0.5594975216611987,0.5650019574346928,0.5675789768278557,0.57029049763675,0.5715274426797489,0.572747199504887
5,0.48828936384990196,0.6023134650859532,0.5925397472482674,0.6077424454834321,0.6043907708921267,0.6064736317173571,0.6066518379217428,0.607878422991984,0.6054347920490074,0.6040173058372573
6,0.5675847246169489,0.6916171161521967,0.6051593586628518,0.6251845226412478,0.6406566643340507,0.6554200610785377,0.6627207059650058,0.6700624505120528,0.6774318797908903,0.6851405075837087
