,top1,top10,top2,top3,top4,top5,top6,top7,top8,top9
0,0.006609981946304817,0.007808223166967564,0.0049477801719954185,0.00514109706934819,0.006880544716867587,0.006826432162755032,0.007151107487430358,0.007537625731091456,0.00784692698930367,0.00819048913219317
1,0.0015561605808242578,0.01160037239854077,0.0032233772704624727,0.003739921376981988,0.005490780291203828,0.006074749270832641,0.006965091554332649,0.007211426906268677,0.009001295377629642,0.01118859209324055
2,0.0019449090626986628,0.006504473659914611,0.002988838063236759,0.0032044929128306338,0.0042138835092587375,0.004552117047328365,0.004940507483820524,0.0049774061662610876,0.005719513656465069,0.006516718426124124
3,0.001618326118946516,0.01616013963142765,0.0032421753070007034,0.004862368953682998,0.006471066676329232,0.00808950680947437,0.009703294257880888,0.011314744789641899,0.01292806249846536,0.014538579336293544
4,0.006609981946304817,0.019387264010101934,0.008252771145147827,0.010095348099832405,0.01312007001468885,0.014442066403949813,0.01590448042241764,0.016992277954801977,0.01796351337110466,0.019058706170333332
5,0.006609981946304817,0.03416983924452046,0.009895560343990837,0.013383170215857599,0.01943261404557049,0.022279378319132313,0.025673812129432875,0.02807819628352715,0.03020104229650769,0.033288449344975456
6,0.49832612803209586,0.4960815347184546,0.49834774811299065,0.4977978114256588,0.49786754376839343,0.49735311332980103,0.49699269149058634,0.4963148059220004,0.4963986815619688,0.49667995755406735
