,top1,top10,top2,top3,top4,top5,top6,top7,top8,top9
0,0.38249082755809216,0.15845805913070504,0.33494457709704345,0.2894350293453434,0.25755755828625787,0.23224622910721582,0.21264049851493785,0.19614050267477567,0.18194375691573,0.16920540014710417
1,0.11816361353641745,0.3428817831984966,0.18504195607967716,0.22070855463232408,0.2525238089520356,0.2747626340945333,0.29583419626724505,0.3106934409448986,0.32599982039030256,0.33563064992194436
2,0.1556228506380526,0.17785017093427705,0.20007111893722151,0.20700719239905777,0.20904518648946044,0.2061184853412891,0.20239919613327298,0.19653567091346846,0.19110255084238237,0.18449133694797987
3,0.0010043483362832187,0.013685398302113135,0.002161669700677162,0.003465864977972421,0.004827620691101802,0.006239537358344548,0.007679059260586688,0.009148138492875796,0.010640457175908509,0.012158322513899745
4,0.38249082755809216,0.4834252426340831,0.44362345427367844,0.4616625900258187,0.4704273678488925,0.47551443324985926,0.4784392612867949,0.4806259492518301,0.4822784447384063,0.4826521368161343
5,0.38249082755809216,0.5324328164192653,0.5047560809892648,0.525882277925148,0.530911786751132,0.5334586788694079,0.5345182034746334,0.5363754676005251,0.534101038360343,0.532855438904799
6,0.5569368434012241,0.6642182565142187,0.5898380420738807,0.6071113395865451,0.622440469940047,0.6329866633083621,0.6429411023353184,0.6498029616330341,0.6568771391785442,0.6611372278594045
