,top1,top10,top2,top3,top4,top5,top6,top7,top8,top9
0,0.09547589928755848,0.10153504940500463,0.11685157144798401,0.12508493001766546,0.12690243239570592,0.12408129986605318,0.11927571680934917,0.11535714979020543,0.1102003377788131,0.10715579885983463
1,0.012746729524382968,0.1508387987570079,0.035376413058808884,0.05629471111637359,0.0769228091651057,0.09484102721042441,0.10926469657586887,0.12183480245899567,0.13138958763646094,0.14299425739038
2,0.021154969604142822,0.10169351721824277,0.04748948417231489,0.0665649471178392,0.0807840854088186,0.09037122283914231,0.09574611805784272,0.0990458363342059,0.10007907841672893,0.1025110084706683
3,0.0014691584431273746,0.014618806869302831,0.002866817229166589,0.004258268504699573,0.005669631883538287,0.007115983053109027,0.008591355977209829,0.010070717511030338,0.011578691722930395,0.013072022579184581
4,0.09547589928755848,0.18298683811976577,0.1334347640401452,0.15112609114851266,0.16249094079811569,0.1709489999288206,0.17576817178835116,0.17845750679671246,0.18011000228328866,0.18232195741004198
5,0.09547589928755848,0.25512357740681696,0.17139362879273193,0.1976110919818804,0.2160818180387445,0.23147628650794888,0.2412803351625955,0.24639899221347905,0.2488726750175739,0.2538907289470872
6,0.5039959963417847,0.5666500656729002,0.5146037345022217,0.5243613925801516,0.5339664079785736,0.5422094487314295,0.5487055970799322,0.5542803713275515,0.5583504907190133,0.5634400282671521
