,top1,top10,top2,top3,top4,top5,top6,top7,top8,top9
0,0.32412206627453266,0.15472016772465222,0.31068856405179274,0.2714088353101808,0.24513957641760334,0.22392017548968235,0.2040399187260173,0.1885806911431512,0.17671085454157204,0.16529700161987154
1,0.09831383436077877,0.3362783346338877,0.16971937483302996,0.20630668724087947,0.23963687780063217,0.26524960134961406,0.28404613998475636,0.29757984698144957,0.3136008794875974,0.32462689882085116
2,0.130373248861974,0.17361328073351617,0.18375967017355577,0.19330467349373148,0.1984796295652252,0.19833115000967577,0.194010414288118,0.1886677938234544,0.18486673753407007,0.1794841427991439
3,0.0011001417911502738,0.013747335504637442,0.002240447295436282,0.003552674699339239,0.004908416296564806,0.006309327606949688,0.007765195805080921,0.009234963267452961,0.010709134338479271,0.012216825146907114
4,0.32412206627453266,0.4452563754133261,0.40168258497854914,0.418613586214483,0.4323940882236845,0.43724917334782804,0.4396328758436382,0.4415158956638777,0.4431586848627207,0.444266819378927
5,0.32412206627453266,0.5147025923278268,0.4792431036825656,0.4962747021386269,0.5134814609210576,0.5150590068346675,0.5137957946658234,0.5145384885559603,0.5127303101849776,0.5136652719623771
6,0.5469640570859711,0.6607362042268472,0.5821176057115304,0.5998339703386019,0.6159075848099187,0.6281258324452197,0.6369355443857715,0.6431310754649082,0.650554913904092,0.6554982365470086
