,top1,top10,top2,top3,top4,top5,top6,top7,top8,top9
0,0.401665598975016,0.1485663813018075,0.33079028594723664,0.2898863717249369,0.25603124454021314,0.22537417739211485,0.20027145251360493,0.18532284499613144,0.16891245899093432,0.15710651248767835
1,0.10656372364310522,0.29257985601586867,0.15661460424758086,0.19341139478995206,0.21756091870935074,0.23711011140483024,0.24852119544870324,0.2655681759096128,0.27233774071565553,0.28158570854061105
2,0.14710129120714113,0.1616970863563031,0.17920162299935147,0.19305032320552928,0.19452479384943894,0.19002651350974148,0.18193090619351018,0.17834301783242937,0.1702275863954835,0.16500972428431376
3,0.0009761505501081107,0.013847290631510457,0.002177029088974988,0.003461487433593561,0.0048378678600499905,0.006299583374204181,0.007803416153497393,0.009272565074998178,0.010812405581885674,0.012336587727721367
4,0.401665598975016,0.4693741971128262,0.43902510046007803,0.45148473848025417,0.4572636195394042,0.4621419997541074,0.4645386439668951,0.46625041713927046,0.46708151802642517,0.46793621058515356
5,0.401665598975016,0.4941600468729961,0.4763846019451401,0.49021704492288515,0.492988592334602,0.4979042400769562,0.4990207042814736,0.4963605822377057,0.495187414935481,0.49312803746226114
6,0.5511509973476554,0.6387947154292142,0.5756214823808479,0.5934437227706156,0.6049289701305184,0.6140866964513148,0.6191847902142229,0.6270903130723743,0.6298823656494381,0.6339046281780366
