,top1,top10,top2,top3,top4,top5,top6,top7,top8,top9
0,0.44503329256692487,0.1585696814396368,0.3540780967911013,0.2929001740660934,0.2562520625861433,0.2274522935957915,0.2051537152434012,0.19078887160245278,0.17949352590608197,0.1689902441023517
1,0.12365409595650621,0.332430646508299,0.17842746694824058,0.2073883203676939,0.2354848431931545,0.25520126460918113,0.2707166422255224,0.28911083231586776,0.30941703717632607,0.32372811748683955
2,0.16642853092547794,0.17609209983425672,0.19566783501448076,0.19757713005345773,0.19805870371850703,0.19360728747106198,0.18779136384202189,0.18607374360449935,0.1850072269223151,0.1815669329432817
3,0.0008992058454839844,0.013677216548336129,0.002094515983607726,0.0034410326423793694,0.004827765339421804,0.0062713897177170755,0.007746085268962856,0.009202795489928554,0.0106678633481856,0.012156979175287626
4,0.44503329256692487,0.5163519441386193,0.4802671170384175,0.4931522140042319,0.5027189738512607,0.5068936482053074,0.5085558499796168,0.5126976616166238,0.5151764048464881,0.5159151611906256
5,0.44503329256692487,0.5401354452478431,0.5155009415099101,0.5295753716204543,0.5393913945479092,0.541152845106536,0.5363369721487914,0.5416582105052905,0.5435403817728985,0.5430389988142158
6,0.5597346558566679,0.6588703816200724,0.586579020940516,0.6004841870478993,0.613938577078957,0.6232027022450971,0.6303678988406544,0.6389692035637032,0.6485089999182951,0.6550796147027116
