,top1,top10,top2,top3,top4,top5,top6,top7,top8,top9
0,0.5003106012074622,0.2015229165453383,0.4262855978102615,0.37057150622173035,0.3272135189175548,0.29659115174810274,0.2708159429011445,0.24942871563627517,0.23269247568574922,0.21539330956371336
1,0.14645709949065036,0.4142326616466289,0.22266633093911947,0.27226985793250796,0.3084918657098121,0.34103200625594676,0.3633117338707281,0.37900176863831203,0.39805276984653876,0.40505757814020077
2,0.19542620928561738,0.2220763201149801,0.24340266364978488,0.25879019826164007,0.25917557800031105,0.25826960251618003,0.2519427870697272,0.24465921772503996,0.23944853331051516,0.22961875471731102
3,0.0008116597121308587,0.012967391302952113,0.00185995879232939,0.003065071570552548,0.004368811981277011,0.0057108375968658925,0.00710315841514836,0.00853111637087885,0.009968709629194864,0.011468777659494986
4,0.5003106012074622,0.5838881324147179,0.5486285015432997,0.5633820588977538,0.5705622852483838,0.5772033273154349,0.5799283675965291,0.5811874117767777,0.582849613551087,0.5833392418434059
5,0.5003106012074622,0.6153519023421717,0.5969464018791373,0.6118895143287013,0.6144814378680121,0.6215957470176557,0.6203904110732166,0.618391602838176,0.616955875774194,0.6160560444436494
6,0.5711799306904167,0.7005706771030296,0.6088171279549783,0.633117111238424,0.6507090411194962,0.6664544810520001,0.6770836652875029,0.6844343571387782,0.6934412332491435,0.6964721338276773
