,top1,top10,top2,top3,top4,top5,top6,top7,top8,top9
0,0.2245064352687671,0.09938122415700897,0.18438306835167823,0.1555723797876264,0.1467530040960534,0.1297332712130917,0.12060952251535222,0.11767625925217201,0.1099631403723332,0.10373648938671343
1,0.07471218880236194,0.22709942983026316,0.10994772617554366,0.12795442644425853,0.15530611513289366,0.16728012585057483,0.17810490603796822,0.19894767327817128,0.21061895540337058,0.2187051839865398
2,0.0948791686281484,0.11012147347407739,0.11163408701306318,0.11135773270557803,0.11934864004478969,0.1157040994089002,0.1138951972985778,0.11659868416545793,0.11403957668680959,0.11135129126262423
3,0.001259774336967642,0.014648210738535151,0.002651839116078773,0.004118824995816489,0.00555145965533838,0.007078718217709112,0.00858491374753454,0.0100473224731249,0.011582057079921791,0.013120910383047264
4,0.2245064352687671,0.32290415634025504,0.2718585599751519,0.28766848497790204,0.3012172493674736,0.30627325464769417,0.31068638013705285,0.31617528585017385,0.31852360083862336,0.3213540621892641
5,0.2245064352687671,0.39024695525333003,0.3192106846815367,0.3426515743093127,0.36082277790806677,0.36826940403809943,0.37364036306457604,0.3785546755451469,0.3823195854423897,0.38787602961444523
6,0.535083418033854,0.6052577641383727,0.5520367117649533,0.5603666848580042,0.5733635111112256,0.5786735622516134,0.5834246754561168,0.5931555123988643,0.5983165163567159,0.6017093095818761
