,top1,top10,top2,top3,top4,top5,top6,top7,top8,top9
0,0.3477811426241919,0.1255013297614196,0.29130510744860516,0.2500986805919543,0.2203727699803933,0.19327548385844368,0.17206012721707786,0.15660263289987825,0.14240519383456604,0.13283162610516858
1,0.07859523786047988,0.2237766696793564,0.11901145651285408,0.15099185774670507,0.1700496779219756,0.18387395714604488,0.19260101554184358,0.200893095059038,0.2066430350234019,0.21616983927393402
2,0.11442843035884673,0.13308252230092577,0.14538256591511117,0.15845668261397414,0.16050141681046085,0.1569977417903345,0.15066890451740034,0.14561673525216862,0.13933598353598425,0.1359601763794274
3,0.0010642328741596381,0.014231428737772023,0.002307231248375625,0.003662155444358246,0.005075296581051299,0.006565066810225167,0.008083560178678069,0.009606355236012713,0.011163774993799464,0.012700369399120563
4,0.3477811426241919,0.4041800320708072,0.3819521285888999,0.3893224364076382,0.3929076964390866,0.39686592057668296,0.3996168442917322,0.4008647955717143,0.40196645922943175,0.4033064661748198
5,0.3477811426241919,0.43351519804592464,0.41612311455360784,0.4239603556685251,0.424094849136133,0.4296454543349702,0.43249794073298614,0.4318106381249091,0.4327466845369814,0.4338036394889152
6,0.5371227132943169,0.6039535935075642,0.5567402660505905,0.5720979057924094,0.5809955976669385,0.5872553247199955,0.5909716815591612,0.5944713074767027,0.5966974891814097,0.600797298883027
