,top1,top10,top2,top3,top4,top5,top6,top7,top8,top9
0,0.18132801428765555,0.0927945373012638,0.167336400520257,0.14571564459456832,0.13300162095005144,0.12048706151845148,0.11052711613249738,0.1082445208005745,0.10282659231650264,0.0976247635440459
1,0.05809559197470095,0.1968412202339234,0.09263573998491688,0.11525438919805651,0.13169509659693135,0.14443120594765313,0.15454230400978922,0.171955190184021,0.18239879428051708,0.19088509768322387
2,0.07464798797139782,0.10017930528097538,0.0971918550705337,0.1021194577931363,0.1040124736360955,0.10335907209490862,0.10128512889276414,0.10435941727908599,0.10372370680568596,0.10217948250618329
3,0.0013287989481100982,0.014756273159968185,0.002707145263303906,0.004167868174048937,0.005641067337732917,0.007153557471630768,0.008683321290327652,0.010155032425379228,0.011675822765990135,0.013210282830151784
4,0.18132801428765555,0.2858378232617504,0.23712703589385203,0.25555280544069786,0.26548719093562145,0.2714322921722026,0.27493060004270775,0.2802704449084976,0.2828893226675099,0.28485214974244455
5,0.18132801428765555,0.36100892229687964,0.2929260575000486,0.3217176162622111,0.3349448302970126,0.34365529857743227,0.34764617945071824,0.35482797759216994,0.35766729586206025,0.36139253876687877
6,0.5267406073144523,0.5899745517820173,0.5433411375668322,0.5539578080614778,0.5614953277053354,0.5671726032024009,0.5715392320572068,0.5795509193905632,0.5840909592804633,0.5876592513512068
