,top1,top10,top2,top3,top4,top5,top6,top7,top8,top9
0,0.3362986042358239,0.13487129462465805,0.2973545512783181,0.261797992739697,0.23709063731485255,0.20687399297264786,0.18676191770362177,0.16763036237731951,0.15590057364160503,0.14520552525036817
1,0.07321811948019863,0.24298795018989033,0.1250373693453983,0.15457487799225175,0.185209500203695,0.20088126677867618,0.21132436573373553,0.2182392195503024,0.22811472453052736,0.23623073353993485
2,0.10675646068829969,0.14304238161450045,0.15034777443557684,0.16429831637565545,0.1726815090890025,0.16818547808052153,0.163089461698286,0.15595715026190937,0.15235267541070513,0.1481533429030089
3,0.0010780781977771962,0.014077253091248737,0.002286893301115653,0.0036014930253500865,0.004961235757969779,0.006448976215770362,0.007937083075620441,0.009478739157325701,0.010985382197422029,0.012516998210933019
4,0.3362986042358239,0.4144711756378957,0.3828208413410207,0.39459780379062886,0.405073314826678,0.40837442328473716,0.41002368334206907,0.41128272752231754,0.4125148194214498,0.4133695119801783
5,0.3362986042358239,0.4624732477150193,0.42934307844621744,0.44430857889322817,0.458306212594206,0.4592429318695934,0.45959742590288466,0.460229696798088,0.4612381988951007,0.4606324363859499
6,0.5344272314423676,0.6136846201932555,0.5597507928767171,0.5739148879402798,0.5886020714670381,0.5957942395391493,0.6003932070504348,0.6032175174271731,0.6075215198330027,0.6109449512383764
