,top1,top10,top2,top3,top4,top5,top6,top7,top8,top9
0,0.8130952380952381,0.5800000000000001,0.8047619047619048,0.7904761904761906,0.7705357142857143,0.7414285714285714,0.7301587301587301,0.6976190476190476,0.6473214285714286,0.6216931216931216
1,0.1321754417720224,0.6670804725607651,0.2398865978297591,0.33393067853022107,0.41070362597117777,0.47929751390954556,0.5559678572362702,0.6008517611810403,0.6197889051674228,0.6563844937860628
2,0.20593362405194804,0.5489724503692223,0.32767880396750365,0.4166268036408507,0.4768969761977763,0.5184860792928375,0.5638838294684111,0.5757784833134489,0.5633270091769649,0.5669450995864853
3,0.0033607716344782423,0.07176681131113287,0.006714613945848798,0.011065453313413525,0.015955857925684623,0.02236562482688967,0.028206153894115432,0.03642259846764182,0.048636878798163447,0.05832118538499312
4,0.8130952380952381,0.8682142857142856,0.8303571428571428,0.8529761904761906,0.8613095238095239,0.8682142857142856,0.8682142857142856,0.8682142857142856,0.8682142857142856,0.8682142857142856
5,0.8130952380952381,0.8862604131719451,0.8476190476190477,0.8840612825956657,0.8977284835096394,0.9047949371855726,0.8977528797393668,0.8954231685052236,0.8946788318966639,0.8920432021002777
6,0.564407335068772,0.8143587151258451,0.6167685095269638,0.6620165145308612,0.6987579172640901,0.7309396142296629,0.767121557313033,0.7877519806338391,0.7949743760223843,0.8110857018898923
