,top1,top10,top2,top3,top4,top5,top6,top7,top8,top9
0,0.9488095238095238,0.5988095238095238,0.9232142857142858,0.8587301587301588,0.830654761904762,0.7797619047619049,0.7593253968253968,0.7081632653061224,0.6802083333333333,0.6370370370370371
1,0.15961591796249858,0.6901115662526462,0.28881272642073036,0.37118658089116546,0.44962019259782837,0.5100369763611928,0.5740393610315867,0.6114781784146005,0.65494484879928,0.6730291995894554
2,0.24960369007423083,0.5677615450397208,0.3934940364932625,0.4611412966325732,0.519207648524205,0.5471575286724912,0.5821211417238088,0.5833878749078029,0.5936418216434802,0.5804761287803425
3,0.000986496586775624,0.06785428705578887,0.0030335432460479577,0.007467096039998063,0.011519380212190055,0.01855300287821781,0.02418570773560324,0.03473695444868863,0.04332791768513898,0.05518112312708075
4,0.9488095238095238,0.9660714285714286,0.9660714285714286,0.9660714285714286,0.9660714285714286,0.9660714285714286,0.9660714285714286,0.9660714285714286,0.9660714285714286,0.9660714285714286
5,0.9488095238095238,0.9487734884005867,0.9833333333333334,0.9736672078316334,0.9675921566920359,0.9622233483164931,0.9565953508533416,0.9544660372611364,0.9512801012834714,0.9501526415078918
6,0.5793147106878614,0.830436326221156,0.6431245144200036,0.6830640576449754,0.7213037923245075,0.7496712547238944,0.7803459123499353,0.7966891620824847,0.8166091893426316,0.8239170587953175
