,top1,top10,top2,top3,top4,top5,top6,top7,top8,top9
0,0.7964285714285715,0.5161904761904762,0.675595238095238,0.6587301587301586,0.6461309523809524,0.6423809523809524,0.6277777777777778,0.5996598639455781,0.5696428571428571,0.5406084656084655
1,0.095012743359324,0.5356714693893767,0.1455555320701219,0.206476013524684,0.27562063690874516,0.3465007272068447,0.40701310981580796,0.4579697307261523,0.4863959455346621,0.5116015614975729
2,0.16333195915964277,0.4720920723236237,0.2273971180608178,0.2965195176803711,0.36038504438625124,0.41516055949945674,0.4520234238420208,0.4703619462959844,0.4741939363919682,0.4728197278504567
3,0.003298923272076517,0.08161849206968418,0.010743986093514993,0.016972989823790263,0.023655493911187025,0.029889289080329395,0.037414761602180505,0.047057781014177694,0.0578863385838769,0.06954754174539332
4,0.7964285714285715,0.8104166666666666,0.7964285714285715,0.7964285714285715,0.8008928571428571,0.8080357142857142,0.8080357142857142,0.8104166666666666,0.8104166666666666,0.8104166666666666
5,0.7964285714285715,0.772608797148336,0.7964285714285715,0.7770963204251716,0.7759254996700152,0.7898583003952373,0.7883270633607822,0.7815983651556339,0.7804318334169963,0.7754296020365838
6,0.5458569100436237,0.7358688841460965,0.567768579661422,0.595304084124521,0.6265509397863673,0.6588246840857842,0.6857037875449443,0.7072689221689205,0.7182149772737012,0.7273763949023061
