,top1,top10,top2,top3,top4,top5,top6,top7,top8,top9
0,1.0,0.5436904761904761,0.9654761904761906,0.8337301587301587,0.7720238095238096,0.6769047619047619,0.6329365079365079,0.6241496598639455,0.5825892857142857,0.5694444444444444
1,0.16426694503999623,0.6207169155981632,0.2944069059530084,0.3500811222348348,0.4043849153473934,0.4278402478635922,0.4624687163008262,0.5166690096801582,0.5507291030400885,0.594944072744496
2,0.2579181269600963,0.5103960256065686,0.40404111125086356,0.43794870507777184,0.46994090519211207,0.4599199297765552,0.46790656024580024,0.49750462626657316,0.4959645735389875,0.5116719697853989
3,0.0,0.07738707826548359,0.0010709776334776335,0.008242103879639247,0.015025846905981681,0.02693387243341407,0.03680743539931435,0.04395314969432713,0.05627249584024131,0.06546370515784374
4,1.0,1.0,1.0,1.0,1.0,1.0,1.0,1.0,1.0,1.0
5,1.0,0.948585788322263,1.0,1.0,0.9888619885196299,0.984889153948371,0.9785202216766421,0.9677943780002092,0.9592502825954944,0.9514998439294271
6,0.5821334725199981,0.7875908467747442,0.6469306355161867,0.6726473279090057,0.6978945086841776,0.706229131137414,0.7206747319930324,0.7452716768068011,0.7585340700368518,0.7776449541414888
