,top1,top10,top2,top3,top4,top5,top6,top7,top8,top9
0,1.0,0.5403571428571428,0.9654761904761906,0.8277777777777777,0.7595238095238096,0.690952380952381,0.6246031746031746,0.6217687074829932,0.5675595238095239,0.5599206349206348
1,0.16426694503999623,0.6179391378203855,0.2944069059530084,0.34880561203075316,0.3986426184286259,0.4295267558001002,0.4559327685884079,0.5125023430134915,0.5238583547407687,0.5856186759190992
2,0.2579181269600963,0.5073657225762656,0.40404111125086356,0.4358478647416374,0.46314527027147717,0.4670282520326607,0.4612720996982963,0.49447432323627016,0.47788376545817945,0.5023349016248013
3,0.0,0.07799313887154419,0.0010709776334776335,0.008579031103358923,0.016051080931215704,0.025751435188713104,0.037708349300228254,0.04421769995887739,0.05826473038891117,0.06695757851612388
4,1.0,1.0,1.0,1.0,1.0,1.0,1.0,1.0,1.0,1.0
5,1.0,0.946622888312131,1.0,1.0,0.9896321701645492,0.9849050064377428,0.9786778273895724,0.9668567756451376,0.9640169937279185,0.951611585321886
6,0.5821334725199981,0.7852745382986528,0.6469306355161867,0.6718651754253707,0.6946381888687172,0.7074528894185526,0.7171515419452131,0.7430612290276063,0.7453509567954364,0.7721910652608678
