,top1,top10,top2,top3,top4,top5,top6,top7,top8,top9
0,0.9154761904761906,0.46595238095238095,0.8095238095238095,0.7626984126984127,0.680952380952381,0.6171428571428571,0.5722222222222222,0.5403061224489796,0.5203869047619047,0.4911375661375661
1,0.11644948472253594,0.5002412039075673,0.20170282432035536,0.2891273657322337,0.33381697983985703,0.3641210935351942,0.3903832571171527,0.4224499697914754,0.46199407114854396,0.4860134626216589
2,0.19879114283311217,0.42593541064786117,0.3022716307313831,0.37665888399250624,0.40028707998681623,0.4078345573135348,0.41230585454005253,0.42128254117218206,0.43474750488925634,0.43209557203125176
3,0.001300487706737707,0.09149069859794849,0.006334055144818464,0.01172766574922051,0.021420246470736884,0.03241580103939663,0.043560528844170325,0.05479546183586245,0.06545514305307008,0.07825980811078398
4,0.9154761904761906,0.9349206349206349,0.9238095238095239,0.9349206349206349,0.9349206349206349,0.9349206349206349,0.9349206349206349,0.9349206349206349,0.9349206349206349,0.9349206349206349
5,0.9154761904761906,0.8682510724886199,0.9321428571428572,0.9272510578103772,0.9137872680689795,0.903614985343776,0.8998896856966533,0.8887463340465153,0.8770056442881723,0.871212382123636
6,0.5575744985078991,0.7179784173858679,0.5979450504449031,0.6391941494871531,0.657979297522182,0.6693885210919566,0.6788585681865928,0.6909299210889319,0.7066069338974936,0.7145040069318529
