,top1,top10,top2,top3,top4,top5,top6,top7,top8,top9
0,0.7821428571428571,0.49523809523809526,0.736904761904762,0.7115079365079364,0.6678571428571429,0.6314285714285715,0.6007936507936508,0.5789115646258503,0.549702380952381,0.525
1,0.10429845764503827,0.5037749052668989,0.17650791302250288,0.24619752713012621,0.29972777976588805,0.349399614034303,0.3934868394591805,0.43085289914503505,0.46142332391025476,0.488050296294522
2,0.1742446575723412,0.45166566966077537,0.2658855740492737,0.33914678077616484,0.38221044121164804,0.411691942578459,0.43492557071475596,0.45134688370833076,0.4565417559025476,0.4583541065483089
3,0.0036553456248419546,0.08597273448678877,0.008696374187627656,0.014345271661563914,0.022266839072168993,0.031003434435140007,0.04055318033699687,0.049857022879877075,0.06102637308742191,0.07238928934941491
4,0.7821428571428571,0.8099206349206349,0.8071428571428572,0.8071428571428572,0.8071428571428572,0.8071428571428572,0.8099206349206349,0.8099206349206349,0.8099206349206349,0.8099206349206349
5,0.7821428571428571,0.8034672309363575,0.8321428571428571,0.822257046970664,0.821368375841911,0.8156362815028837,0.821219584318229,0.8196454531788855,0.8131604656720424,0.8107991598511598
6,0.5503215560100981,0.7203345443641044,0.5841555805010608,0.616472432143035,0.639985925500338,0.6613022015580744,0.679658320289615,0.6950667449526271,0.7065970460699826,0.7163058241448859
