,top1,top10,top2,top3,top4,top5,top6,top7,top8,top9
0,0.5761904761904763,0.42476190476190473,0.47797619047619055,0.5047619047619047,0.46517857142857144,0.45142857142857146,0.4452380952380952,0.4362244897959183,0.446875,0.4375661375661376
1,0.06239969814123676,0.42382656987213496,0.10053460703344058,0.1629573560616988,0.1918277447518824,0.2262891198366239,0.26416248471728365,0.30767933805393194,0.3659276900506503,0.3991823716581418
2,0.10829227661996024,0.37826634760626754,0.15427639010456345,0.22590537728737178,0.24706641856762543,0.27384593798433404,0.300760558708129,0.3234176649500646,0.3586677134135117,0.3719580050290543
3,0.007073232213532968,0.09841564367450165,0.017616689086078476,0.025086590476631056,0.03621127892161721,0.046527626788993005,0.05655101892195407,0.06716897227918514,0.07525305001975152,0.08647393703846804
4,0.5761904761904763,0.6471409674981103,0.6101190476190477,0.6327380952380952,0.6327380952380952,0.6427380952380952,0.6427380952380952,0.6452891156462585,0.6452891156462585,0.6471409674981103
5,0.5761904761904763,0.6585789163644079,0.644047619047619,0.6475371534502602,0.6434830769239501,0.6641590203613825,0.6604142798114214,0.6649207466100033,0.6518862269848836,0.6567433775071974
6,0.5276632329638519,0.6656703712580604,0.5416659366894127,0.5689409591849218,0.5784454038213227,0.5909584872580711,0.6051857992237797,0.6217115034367632,0.6459679722512697,0.6578386328540207
