,top1,top10,top2,top3,top4,top5,top6,top7,top8,top9
0,0.8142857142857143,0.48821428571428577,0.7279761904761906,0.6996031746031746,0.6720238095238096,0.6383333333333334,0.5978174603174603,0.5738095238095238,0.5474702380952381,0.5231481481481481
1,0.10096512431170494,0.4971316229539737,0.16757934159393145,0.2417332414158405,0.3030611130992214,0.34890641675539136,0.3915027124750535,0.4266614308910668,0.4583479270848579,0.4859669629611887
2,0.17226053058821422,0.4451488749086865,0.2569570026207023,0.33265327428265834,0.3859141449153518,0.4158756160478467,0.4325446183338036,0.44665255428574047,0.4536155854343603,0.45639332223458334
3,0.00301990541493366,0.08728291867586288,0.00897109946235293,0.014950598538077231,0.021998021867867916,0.03041410441032611,0.040861062110395883,0.050442987272971064,0.0612621974244935,0.07267177522512112
4,0.8142857142857143,0.8244047619047619,0.8142857142857143,0.8202380952380952,0.8244047619047619,0.8244047619047619,0.8244047619047619,0.8244047619047619,0.8244047619047619,0.8244047619047619
5,0.8142857142857143,0.8008156044638847,0.8142857142857143,0.822257046970664,0.820773137746673,0.8201242884248476,0.817520232090919,0.8153129504030393,0.8082094076010433,0.8068341329072058
6,0.5489726094483857,0.716503655864581,0.5795823464065502,0.6138356620082933,0.6414530600493943,0.6611478661792093,0.6783997413251777,0.6926596371373002,0.7048107983772569,0.7149111249155171
