,top1,top10,top2,top3,top4,top5,top6,top7,top8,top9
0,0.861904761904762,0.5059523809523809,0.8369047619047619,0.7595238095238095,0.7032738095238096,0.6697619047619048,0.6035714285714284,0.5688775510204083,0.55625,0.526984126984127
1,0.13908270467718448,0.5975858652569555,0.23023457035210138,0.3009417581558699,0.380777476159597,0.44093386409796476,0.4624433349361591,0.4999685226671712,0.5473912716954293,0.5727549256797505
2,0.21699688153885088,0.47757913448576533,0.3264432230279754,0.38611744973471585,0.4343603977366046,0.46732781325084194,0.45632900459261444,0.46222795102408193,0.4806247403436147,0.4775062779422773
3,0.0024112400154200353,0.084810880563295,0.005473566282533537,0.012068602376970439,0.02010448224262146,0.02807798500807713,0.040356046595307185,0.05127306099861922,0.060419296047926556,0.07289939428836015
4,0.861904761904762,0.9194444444444445,0.9136904761904762,0.9136904761904762,0.9136904761904762,0.9136904761904762,0.9194444444444445,0.9194444444444445,0.9194444444444445,0.9194444444444445
5,0.861904761904762,0.8835551405126256,0.9654761904761906,0.9399927686989815,0.9132793929712854,0.9038923498024212,0.9164078060891554,0.9048671769922794,0.8976318296643886,0.8909475099935786
6,0.5683357323308822,0.7709241688161426,0.6127430537157836,0.6455195527096353,0.6819677825351262,0.7091931165635621,0.7165453796430373,0.731807960697743,0.7522951718947998,0.7616019014808958
