,top1,top10,top2,top3,top4,top5,top6,top7,top8,top9
0,1.0,0.4983333333333334,0.8529761904761906,0.7876984126984126,0.6946428571428572,0.6419047619047619,0.6067460317460318,0.579421768707483,0.5586309523809524,0.5252645502645503
1,0.16426694503999623,0.5975367723287343,0.2620773074469393,0.32927509148920314,0.3799000797464863,0.4202371649637656,0.4648825757840134,0.5032649207718676,0.544399533333418,0.5720863501099877
2,0.2579181269600963,0.47186372760169204,0.35533506583429186,0.4110598056514924,0.4306449923825437,0.442048616674653,0.4572736320973442,0.4690473489941981,0.48032087669289125,0.47654694835382483
3,0.0,0.08589197527285689,0.004910456531625675,0.010800052175055211,0.020907103322568656,0.030373796607593637,0.040102464087869646,0.05015002976275899,0.06010672581220132,0.07308949668817824
4,1.0,1.0,1.0,1.0,1.0,1.0,1.0,1.0,1.0,1.0
5,1.0,0.8947780431332237,1.0,0.9712213081653934,0.9486656913023669,0.936520358854146,0.9301993079486457,0.9169262811752117,0.9041480737888032,0.8977287435317931
6,0.5821334725199981,0.7714574471390785,0.6291160153021693,0.6607742175173899,0.6825027474751466,0.6996954912673551,0.7187604275019404,0.7348290965302016,0.7521708120655417,0.7622591069584984
