,top1,top10,top2,top3,top4,top5,top6,top7,top8,top9
0,1.0,0.49309523809523814,0.844047619047619,0.7876984126984126,0.6988095238095239,0.6385714285714286,0.6009920634920636,0.5768707482993197,0.5543154761904762,0.5136243386243385
1,0.16426694503999623,0.5844415342334962,0.2608017972428577,0.32927509148920314,0.3804556353020419,0.4195427205193212,0.4630118274846937,0.5019894105677859,0.5424295786848919,0.5524434929671305
2,0.2579181269600963,0.4643807344044132,0.353102922977149,0.4110598056514924,0.43162538453940646,0.4408991913872967,0.45450752565476715,0.4673466687220893,0.477655833402848,0.4623258753092223
3,0.0,0.08672341896144345,0.005247383755345351,0.010800052175055211,0.020456652872118203,0.030761393506818446,0.04086674173893974,0.05048695698647866,0.060831249935145805,0.07480875312898433
4,1.0,1.0,1.0,1.0,1.0,1.0,1.0,1.0,1.0,1.0
5,1.0,0.891893480854415,1.0,0.9679260381079957,0.9445409948581331,0.9340332703907398,0.9287725964567392,0.9152353664915254,0.9028503240305563,0.8999786760456162
6,0.5821334725199981,0.7649818307177397,0.6283218297034014,0.6607501512871241,0.6829591617253614,0.6991777191218719,0.7175160353045142,0.734030546675518,0.7508757329716944,0.7527245880684508
