,top1,top10,top2,top3,top4,top5,top6,top7,top8,top9
0,0.8952380952380953,0.519047619047619,0.888095238095238,0.8234126984126984,0.7940476190476191,0.7416666666666667,0.6718253968253969,0.6151360544217687,0.5879464285714286,0.5458994708994709
1,0.14463826023274,0.6051770077745686,0.2645599671774982,0.335850721741304,0.4173342200692821,0.4705312826108245,0.4961188430181798,0.5225960030109649,0.567838467046438,0.5841519845032798
2,0.2262276507696201,0.48843947500619356,0.3647765563613087,0.4248343809516471,0.4848861913873982,0.5099225764086304,0.5032084056216318,0.4966394449776239,0.5074523895851295,0.4936250419819339
3,0.001843659447839468,0.08224971787892223,0.0038097429985770558,0.008746356816057198,0.01354246524308175,0.021372632358414835,0.03281905665875324,0.04568732558120559,0.05619972975963253,0.0697937414192118
4,0.8952380952380953,0.9426190476190477,0.9392857142857143,0.9392857142857143,0.9392857142857143,0.9426190476190477,0.9426190476190477,0.9426190476190477,0.9426190476190477,0.9426190476190477
5,0.8952380952380953,0.9304703301787929,0.9833333333333334,0.9640010823299335,0.9553985724834644,0.9613015464029917,0.9606445848326322,0.9500729575046314,0.941275943013218,0.9396392112543868
6,0.5713973003924502,0.7793238275537535,0.6305604775923775,0.6646930848512589,0.7037609752884698,0.7281035586218831,0.7379984025688044,0.7476509558646979,0.7667607489158363,0.7717763427913982
