,top1,top10,top2,top3,top4,top5,top6,top7,top8,top9
0,0.9666666666666667,0.6038095238095238,0.9148809523809525,0.8694444444444445,0.8303571428571428,0.8026190476190476,0.7642857142857142,0.7069727891156462,0.6706845238095238,0.6248677248677249
1,0.16050877510535572,0.6916662966719458,0.2874238375318415,0.3758492793038639,0.45488980044096566,0.5253742779484945,0.5791725809862353,0.6106497889192676,0.6408394818462975,0.6554912929539328
2,0.2513043703463397,0.5702216531271046,0.3911130841123101,0.4679218349348507,0.5232718383026804,0.5656568071717697,0.5875344321370992,0.5816049403889662,0.5807797759705101,0.5651188829654394
3,0.0006065573770491803,0.06636885582035763,0.003336573549078261,0.006984966284207265,0.011687336282458445,0.016677171443891553,0.023761397743039148,0.03443751840448633,0.04404737297686373,0.05650238654931784
4,0.9666666666666667,0.975,0.975,0.975,0.975,0.975,0.975,0.975,0.975,0.975
5,0.9666666666666667,0.948729471847468,0.9833333333333334,0.9738868925021266,0.9691404571614375,0.9573159283369685,0.9554723675353157,0.9541368166741034,0.9524049029244721,0.9520539877152706
6,0.5799511088641532,0.8317281137182374,0.6423101780471566,0.6855534276843271,0.7238109350418351,0.7579106733400631,0.7833208962079539,0.7969349074528038,0.8104498520184301,0.8158707711486177
