,top1,top10,top2,top3,top4,top5,top6,top7,top8,top9
0,0.8809523809523809,0.37952380952380954,0.7440476190476191,0.709126984126984,0.6300595238095238,0.5697619047619047,0.5119047619047619,0.45612244897959187,0.42931547619047616,0.41216931216931213
1,0.10771932599237723,0.3530663049663135,0.16126381538344722,0.2220337366139197,0.2538002420841487,0.2860247072534087,0.29821941051790696,0.30359471935796867,0.31777530030687395,0.34640561322749674
2,0.18510066664263597,0.3298094467056012,0.25184360359282965,0.31912483341228526,0.3387860446464952,0.3515840616450457,0.3450675075273175,0.331397122201304,0.3305032955341447,0.34071901075631483
3,0.0018527296075964107,0.10701274851418013,0.008226316066510751,0.014146792053469043,0.024487002330178316,0.03594624264194955,0.049131913284706605,0.06439672362189976,0.07730131171421752,0.0904889702429707
4,0.8809523809523809,0.8865079365079365,0.8809523809523809,0.8865079365079365,0.8865079365079365,0.8865079365079365,0.8865079365079365,0.8865079365079365,0.8865079365079365,0.8865079365079365
5,0.8809523809523809,0.8147143216780821,0.8809523809523809,0.8822411206845251,0.8721896898356027,0.8542708010650952,0.8510994898786888,0.8450577809406269,0.8364771754608894,0.8265434541321105
6,0.5529332981923903,0.6353195821833719,0.5769567772215475,0.6047049222972591,0.6164897718267047,0.6279638196310016,0.6293715695351763,0.6267284942061329,0.6290848939608442,0.6376788536452693
