,top1,top10,top2,top3,top4,top5,top6,top7,top8,top9
0,0.22023809523809523,0.13464285714285715,0.1952380952380952,0.18134920634920632,0.15773809523809523,0.15000000000000002,0.14484126984126983,0.141156462585034,0.140625,0.14007936507936508
1,0.022054063675329187,0.10166650394301484,0.03992762181511082,0.05640974212535613,0.06416531120905021,0.07177732533728784,0.07848586955042765,0.08310545943624104,0.09367743027443536,0.09937651256327056
2,0.03602200758044478,0.0886919217296527,0.05528243328165929,0.06919275344879935,0.07115539432721625,0.07542261954345778,0.07856650237541725,0.08051516176945674,0.08595116910143448,0.08928609596019668
3,0.013553145175411783,0.15180861314119992,0.02797957228111071,0.042993594335760554,0.0594455463394386,0.07497012696360227,0.09056525689938369,0.1058763062481963,0.12090833773986606,0.13583810013292363
4,0.22023809523809523,0.27000992063492063,0.2375,0.2541666666666667,0.25833333333333336,0.265,0.2677777777777778,0.2677777777777778,0.27000992063492063,0.27000992063492063
5,0.22023809523809523,0.28319358556752205,0.2547619047619048,0.2768619516092709,0.2842674342674879,0.29571712836621067,0.29811370393202685,0.29126103310595924,0.29057817008480635,0.28351301057370915
6,0.5042504592499587,0.4773541519869171,0.5060117395988346,0.5068130413611309,0.5027596655470311,0.49907480043976443,0.49493926972013697,0.489982117372436,0.48781514359616385,0.48354767319605524
