,top1,top10,top2,top3,top4,top5,top6,top7,top8,top9
0,0.8642857142857143,0.5330952380952381,0.8208333333333333,0.7908730158730158,0.7535714285714286,0.6892857142857143,0.638095238095238,0.6083333333333334,0.5796130952380952,0.5619047619047619
1,0.13322136013936933,0.5953837709766782,0.2318395456755641,0.3155427652253643,0.38448408001325973,0.4229597691569581,0.4616425676595515,0.5037754924247712,0.5369004806820543,0.5761298917690755
2,0.21109273013469945,0.4982173850627135,0.3262790925677923,0.4041927372351648,0.45620653770774455,0.46863775913079175,0.47580763216404426,0.48942158920619677,0.49369885645388745,0.5047495486572338
3,0.002294740416212753,0.07931261912052928,0.006038991237518486,0.01042888623709337,0.016457305369248637,0.026115177731082864,0.03668127611328764,0.04657792264582492,0.057079294183294126,0.06697617957810796
4,0.8642857142857143,0.8899404761904762,0.8726190476190476,0.8845238095238096,0.8845238095238096,0.8845238095238096,0.8845238095238096,0.8845238095238096,0.8866071428571429,0.8866071428571429
5,0.8642857142857143,0.8827356500198069,0.8809523809523809,0.8971147309927736,0.891779048669219,0.891779048669219,0.8867843710372811,0.8748364997731872,0.8777119889844147,0.873593464673585
6,0.5654633098615782,0.7725956654188451,0.6131693271071441,0.6533272871832836,0.6856522065934003,0.7019473501150529,0.7179180963754259,0.7357641729704998,0.7493060727687668,0.7658018951742815
