,top1,top10,top2,top3,top4,top5,top6,top7,top8,top9
0,0.0768893688279575,0.055964481900558714,0.06991623237397687,0.06761011210750632,0.06382586428157816,0.06419784966430345,0.06247685076503333,0.059947761911469104,0.05893884885049376,0.05783113622096668
1,0.015138570190532826,0.041361660743463924,0.0232178056192268,0.026668153264956404,0.02985861788817685,0.03386733412713783,0.03632225656808947,0.03769488169575052,0.03887770894175019,0.0402602965842848
2,0.019362007640539976,0.026949229103012576,0.023468427991947437,0.023653713493036486,0.024307520254950782,0.026120575504337596,0.026799512110285494,0.02668476246872885,0.026622031753049443,0.026913604802299377
3,0.0007691960619410606,0.007864521822733145,0.0015500789833923214,0.002330092417606635,0.0031197170470154355,0.0038981093176729226,0.004686432399391875,0.005482200124951753,0.006271126565837878,0.007063539637097794
4,0.0768893688279575,0.12244143895644558,0.09508662378515423,0.105823956262944,0.11090293101919232,0.116353891158166,0.11856056752794863,0.11995734671945997,0.12065842619110967,0.1217448100067296
5,0.0768893688279575,0.15473394266727367,0.11328387874235096,0.12934973879665418,0.1367985399950187,0.14571063700074122,0.14893091600262892,0.15114583441727794,0.15056505559441663,0.1530123317175629
6,0.5071846870642959,0.5168269565177133,0.510836734950729,0.5121785600353466,0.5133859683546091,0.51500681023638,0.5158489632531671,0.5161488902814872,0.5163578556975972,0.5166643296734778
