,top1,top10,top2,top3,top4,top5,top6,top7,top8,top9
0,0.3382885737984569,0.4975646352723914,0.44559016855251415,0.5003566938458246,0.5308323356339109,0.5426999702646449,0.542339298662952,0.5345718220618456,0.5243974188929058,0.5107336372947431
1,0.04576713032028127,0.456815892479681,0.11456575489193896,0.1788124854254813,0.2371282738251168,0.29264616760238815,0.3369780188750694,0.3765195297061813,0.4069402390094522,0.43269683826945704
2,0.0686839891389214,0.3769028057953082,0.1482431454136724,0.21126498517168063,0.26195701023160195,0.3024399615360997,0.3306339315053818,0.3505280480849819,0.3635424413378594,0.3711672912921841
3,0.000551573514257895,0.004171475637378513,0.0009237236353802806,0.0012477105550996025,0.0015611538706107458,0.0019010742596547669,0.002282250005861382,0.002707380183075719,0.0031605493070529,0.0036568396894916255
4,0.3382885737984569,0.5717404658377536,0.4792009014507723,0.5379797434412679,0.5565129883510446,0.564476194761361,0.5676290553547119,0.5695283173366068,0.5704025270021622,0.5711796022604338
5,0.3382885737984569,0.7313363613798807,0.6201132291030877,0.6863267156490326,0.7017108135403699,0.7117621268748252,0.7169539234543414,0.7218508799252975,0.7258786761244009,0.7289848808238861
6,0.5226077784030115,0.7266222298416669,0.5568115512505147,0.5887670362373302,0.6177695530638512,0.6453645466647272,0.6673688381890066,0.6869680001319182,0.7020187775346195,0.7147313967700987
