,top1,top10,top2,top3,top4,top5,top6,top7,top8,top9
0,0.5313551496940389,0.20129387921185682,0.4020474357168568,0.33927127512507055,0.2974611484107235,0.2706746795624215,0.2530843910251395,0.23739433329085458,0.22441659037200495,0.21221936171581757
1,0.08725423729250835,0.22844363317726935,0.1170663595507794,0.1391953383987901,0.15693015682635836,0.17416489741658558,0.19033357314644303,0.20204214022657757,0.2131579952601849,0.22088164692547435
2,0.12745242734813025,0.1578394325023818,0.14568569665547043,0.153886756930198,0.15711900477704335,0.15962167869898322,0.1624364138900824,0.1620762829004561,0.16167317300769504,0.15993917209539762
3,0.00039116052750957984,0.006656212392046621,0.0009968097353675672,0.0016517907371232303,0.002341863926620287,0.003039216178420949,0.0037353418798094706,0.004449196092508362,0.005170823663353222,0.005909093472116376
4,0.5313551496940389,0.6296891966013755,0.5841608369720017,0.6009319686370254,0.6117653215330925,0.6184847293300156,0.6224500954661408,0.6253464979352932,0.6274411776542158,0.6288444777569854
5,0.5313551496940389,0.6421274072705918,0.6369665242499647,0.6508007531636814,0.6591567637081405,0.6604933285441056,0.6558977322073578,0.6539239431970756,0.6501930754680392,0.6450147558648618
6,0.543431538382499,0.6112825142455959,0.5580583464862263,0.5688252778440963,0.5773829420369295,0.5856878085711573,0.5934624655212046,0.5990092528645641,0.6042574648121094,0.6078123809181677
