,top1,top10,top2,top3,top4,top5,top6,top7,top8,top9
0,0.561366339577758,0.49627075606053495,0.6069621813230668,0.6174435680339712,0.6092847668904643,0.593158520744323,0.5767693840608061,0.5551982096186052,0.5340565186941484,0.5145062018213338
1,0.10053887590056595,0.4718242092690728,0.18068623227658734,0.24692585951519974,0.2973035354929233,0.34145151344474944,0.37953629870888017,0.4079525619738864,0.4318101541980069,0.4525387829129197
2,0.14662090837573247,0.38380911850268024,0.23128385421216838,0.28763223773344504,0.3231071911530742,0.3476224406213062,0.36597754910785096,0.37527083316781085,0.38032912652616724,0.38262277829152697
3,0.0003664489102715953,0.0041837651776788585,0.0006554957674454516,0.0009557370462685954,0.0012997069728870729,0.0016909390762879155,0.002110655692827409,0.002588030049595647,0.0030974533111104126,0.0036295278044672762
4,0.561366339577758,0.7201763577344591,0.6649754683318465,0.6994684805233427,0.7097687489240501,0.7157819420317074,0.7181108854875817,0.7191178073417264,0.7197306099772179,0.7199644933276794
5,0.561366339577758,0.8101355922071263,0.7685845970859352,0.798122295369664,0.8014976125534587,0.8065972055071303,0.8086191279257229,0.8099660870204592,0.8101283205105638,0.8095716203689296
6,0.550086213495147,0.7344076939488554,0.5900236033994026,0.6230129622402367,0.6480689202111873,0.6699968562571623,0.6888913866466174,0.702946765742436,0.7147198090896529,0.72492739335104
