,top1,top10,top2,top3,top4,top5,top6,top7,top8,top9
0,0.8448499147064807,0.477710612391818,0.7633906912687607,0.7040803950107202,0.6588762970092492,0.6158000375604491,0.580539122859185,0.5487743667822544,0.5227216262109332,0.49853866378703243
1,0.12291891717089129,0.4188382273903847,0.1961311699201618,0.2439998241379354,0.2868669911977558,0.31857701259329396,0.34666106426063875,0.3680642424015205,0.3888955032852045,0.4035680377269583
2,0.18593508276101575,0.34247576074997976,0.2567265568703549,0.291434161023544,0.31680942511702864,0.329220325820986,0.3372005672450671,0.3406980478789767,0.34378762480992175,0.34283597294102425
3,0.00012817399187562458,0.004321304549697753,0.0003909526166231594,0.0007331376031356794,0.0011269611556613019,0.0015871763207886207,0.002080237196853877,0.0026111767862957527,0.0031581064949901777,0.0037332909254330134
4,0.8448499147064807,0.9004206826164427,0.8874702646446625,0.8939976968141434,0.8985401635966215,0.8996591519685326,0.8996591519685326,0.8998589713206595,0.9002052317084711,0.9002821784613182
5,0.8448499147064807,0.8705013678546477,0.9300906145828443,0.9184459507231215,0.9101729369036026,0.9026762687887678,0.8902385827315659,0.8845926692828019,0.8798137232399867,0.8754431031733368
6,0.5613953715895075,0.7079095860151932,0.5978905202469197,0.6216949846884547,0.6429790833087342,0.6586698252893022,0.6725386373102973,0.6830645477095451,0.6932984796770643,0.7004589752265292
