,top1,top10,top2,top3,top4,top5,top6,top7,top8,top9
0,0.07708108361894925,0.08287556536300611,0.07743419096358202,0.0784843837217188,0.08198008122447063,0.08267876426123291,0.08314911759028853,0.08288758247089623,0.08285942610764199,0.08298533403585281
1,0.0019404193522882887,0.02585983728306392,0.0038032174783652266,0.006211846332360521,0.009129787373529343,0.011478349971304893,0.014550188975590572,0.01664245315122223,0.01936339937423579,0.022402483796754566
2,0.003702251859482847,0.032395572930798054,0.006998509847243612,0.010828022187859217,0.015133215944665051,0.018394962100468835,0.022033073069476695,0.02436797402906525,0.027079321719150257,0.029918804780029833
3,0.0007671787566524556,0.007626328501901732,0.001533755988753712,0.002298431454251184,0.00305291165157662,0.0038132489404969737,0.004573615556934014,0.00533710591472016,0.006100250999852354,0.006862639501389247
4,0.07708108361894925,0.1113030735414709,0.09146947431021801,0.09683814054911288,0.10085436979305236,0.10379582244341154,0.10577622319253382,0.10697709557867312,0.10863723807362594,0.1101868239522883
5,0.07708108361894925,0.1332985880717384,0.10585786500148678,0.11084466733547198,0.11501848762323656,0.11987620743976593,0.12246676111154992,0.12401193015751283,0.12744385149666154,0.13028563653174452
6,0.5005866202978179,0.5091079761769889,0.501134762519325,0.5019563140922529,0.5030369834934798,0.5038309854833264,0.5049851318241247,0.5056503468812829,0.5066282640769149,0.5077646024351549
