,top1,top10,top2,top3,top4,top5,top6,top7,top8,top9
0,0.564609840837598,0.2957640812557707,0.5087699735511839,0.46389827900110064,0.42272524531668154,0.3900910840884552,0.3641113823810195,0.3442742113982548,0.3256329522512794,0.3095046194135358
1,0.08187590563938674,0.26840997069819206,0.12984100073082322,0.1646267835523518,0.18803760920517576,0.20597485193224485,0.22243846439429477,0.23720140801430767,0.247085034789423,0.2578362311008903
2,0.1246371745116008,0.22256706454525388,0.17369726606029767,0.19985322071731482,0.21102455028431394,0.2169129204895563,0.2209418734182138,0.2236323385724609,0.22292890203928556,0.2225078588244166
3,0.00036488535862257805,0.005872409734273202,0.0008218391960433081,0.0013436182506872249,0.0019277476051469576,0.0025448525398015912,0.0031834097979992525,0.0038291709485301787,0.004499121685811969,0.005182176458272888
4,0.564609840837598,0.6423355716516486,0.6097909526268839,0.6228686401552499,0.6303919784966432,0.6336186558054369,0.6359453169423708,0.6383451054412719,0.6397455526453659,0.6411473312021753
5,0.564609840837598,0.664796985592045,0.6549720644161698,0.6620280116095872,0.6677913171967789,0.6661824812536614,0.6649815940088508,0.6654740192525967,0.6641922629511205,0.6648112062116153
6,0.5407555101403819,0.6317016607575066,0.5645234747743554,0.5816800910398096,0.5931322159753651,0.6018399770710195,0.609803356474677,0.6169168305732582,0.6215926923635653,0.6266929683874632
