,top1,top10,top2,top3,top4,top5,top6,top7,top8,top9
0,0.8838912625005868,0.5616163513153979,0.8450660829146908,0.7966988538846368,0.7539956883734761,0.7163227538069085,0.6815591237981964,0.6470396553381675,0.6146791907288292,0.5869493959897258
1,0.13456605592453685,0.5182183999823922,0.23385420011829,0.2992295196252929,0.3540874235438399,0.39877905577785655,0.43446886841665533,0.46058815427639666,0.4816541078029169,0.5005008341205278
2,0.20185417407154804,0.42661288637883443,0.30313066384617054,0.3542717063144708,0.3883264867284543,0.41064743041121154,0.4239545937902466,0.4283935954089755,0.428706871367481,0.42809981145029574
3,9.661791473388746e-05,0.0036311951111022344,0.0002570089466355838,0.0005051992153523839,0.0008146917553561437,0.001174972679363184,0.0015825475553200795,0.002046247735510114,0.002552890355741185,0.0030788258406696713
4,0.8838912625005868,0.9261942094121716,0.9164221324944832,0.9217862340954974,0.9242340211590528,0.925078740003443,0.9256604052876767,0.9258621809131811,0.926123587943245,0.926123587943245
5,0.8838912625005868,0.9162648461800371,0.9489530024883797,0.9402661884411092,0.9354550311166712,0.9311167216582741,0.9269894060789642,0.9237846490981693,0.9212984861783596,0.9185016016625471
6,0.567234719004901,0.7580875740595913,0.616813031969807,0.6494188813209808,0.6767483943781197,0.6989860944537858,0.7167177025735549,0.7296596903461412,0.7400681209289403,0.749364639298339
