,top1,top10,top2,top3,top4,top5,top6,top7,top8,top9
0,0.9307968292721098,0.6285958260951219,0.8892426483246475,0.8487833283774407,0.8112699931139177,0.7751846722068334,0.7436518928901203,0.7086759606420159,0.6796225761772853,0.6533709633385669
1,0.13858996534607365,0.5536656929140295,0.2379616222998145,0.3095738070034051,0.36740078382612984,0.41351655507764634,0.4568590983563484,0.48364439932758224,0.5095288586289507,0.5339591715121603
2,0.2083363094491062,0.46622370047034073,0.31199110066520197,0.37055015848377065,0.4095176948105008,0.43382655901665,0.45265409081804353,0.4579602416079027,0.46272512136031163,0.46584318597549823
3,5.702770357513391e-05,0.003063757822824873,0.0001824614377803657,0.0003735300953050558,0.0006217261165803816,0.000925880702918044,0.0012675188242788926,0.0016805946037213677,0.002112910660807067,0.002572687677095707
4,0.9307968292721098,0.9558222934305731,0.9510716465561763,0.9531720320724498,0.954404484300254,0.9549639784862095,0.9556587815807731,0.9556587815807731,0.9557453466777261,0.9558222934305731
5,0.9307968292721098,0.941843352512259,0.9713464638402429,0.9632133504573779,0.9580998187822961,0.9552441941403543,0.9509508668246066,0.9489002509362856,0.94601754196344,0.9435527388815578
6,0.5692664688212488,0.7760902343479656,0.6189056001805947,0.6546550496654765,0.6835002395998626,0.7064812056225701,0.7280626769590764,0.7413704067315344,0.7542209486965958,0.7663356224979929
