,top1,top10,top2,top3,top4,top5,top6,top7,top8,top9
0,0.046782321548742505,0.028879094480179016,0.042640890808645165,0.03890636493106093,0.03599689735042334,0.03480523342253939,0.03413762252792253,0.031864339707430925,0.031031875518412445,0.02937040167074438
1,0.015676837417602476,0.040046382897126434,0.02442318758959287,0.0263492138141153,0.029832451974720217,0.032970123921272486,0.03543434492368807,0.03668820131704114,0.03788833065806819,0.03882609907135791
2,0.01964628990420197,0.02245838014768801,0.024323616902913858,0.02259171018608109,0.02314662113473259,0.023560241383607416,0.023862524223762165,0.023319843636197324,0.022949484262107214,0.02242436055968302
3,0.0007965225749127038,0.008110141976510108,0.0015993629560572074,0.0024078464760883627,0.0032204557061983963,0.0040305501580081785,0.004839830743447497,0.005659913051559672,0.006473640682797146,0.0072954432333722135
4,0.046782321548742505,0.08180814808356007,0.05696081193170259,0.06604118085877791,0.07059734155489823,0.0736800371431105,0.07671747760719073,0.07801923780608225,0.07968109204024035,0.08069052910301325
5,0.046782321548742505,0.11460597977504272,0.06713930231466267,0.08367997404574118,0.09182541763637199,0.09753492216692387,0.10363542286344134,0.1067311898406845,0.11021468859729686,0.11225862361870946
6,0.5074401574213449,0.5160481524776964,0.5114147397164539,0.5119819357814203,0.5133237682929355,0.5144946524046055,0.5153305356389273,0.5155588152937092,0.5157635553501005,0.5158339674252348
