,top1,top10,top2,top3,top4,top5,top6,top7,top8,top9
0,0.9217392835344382,0.5916987495500571,0.8772917742617024,0.828417218335759,0.7865334053241936,0.748645867568118,0.7118559295950255,0.6773073965019604,0.6468706472917352,0.6167936505452345
1,0.13876915866208772,0.5359105082583947,0.23984770085729093,0.30963271426192257,0.3652549141471989,0.41125951065247573,0.44679763960947894,0.4756124790712012,0.49881641475845534,0.5182249951660478
2,0.20859954379948106,0.44619373860972317,0.3125874195268189,0.36795706728455824,0.40345683976151125,0.42723049055106804,0.4399801650331202,0.44640851574227264,0.4481987196979731,0.4472772525971808
3,6.463747869881099e-05,0.0033777237565510336,0.00020285312908307484,0.0004257030334270495,0.0007056985732204334,0.001039134121777658,0.0014296982310446984,0.0018683665857768682,0.002335998151871883,0.002852778712838109
4,0.9217392835344382,0.9477947116527566,0.9406153653536161,0.9448161363861631,0.9462046014158203,0.9467640956017758,0.9473457608860092,0.9475475365115136,0.94772409018383,0.94772409018383
5,0.9217392835344382,0.9316640096031521,0.9594914471727938,0.9555718206955186,0.949749832707971,0.9440902974832948,0.9409704075113788,0.938449536491672,0.9364051253558796,0.9340184996374352
6,0.5693522605916939,0.7670823368007609,0.6198378761100904,0.6546601626785186,0.6823898150612252,0.7052998590355976,0.7229695816931253,0.7372702776123767,0.7487670424541474,0.7583543769534529
