,top1,top10,top2,top3,top4,top5,top6,top7,top8,top9
0,0.6070922735026684,0.5330265896677464,0.6421291296930998,0.6472258739325268,0.6460837363256491,0.6325410426154596,0.6126529805781181,0.5932382249110738,0.5729159330641502,0.5537873017860337
1,0.11525382001231833,0.5002692529316628,0.2109627189873898,0.27651247377714694,0.3329279987566653,0.37702255675035057,0.4105269846437832,0.43893319954263954,0.46290913585056537,0.4841834885524534
2,0.17010269568356293,0.4120731684713195,0.26751644130170027,0.32090302191987385,0.36007941786323006,0.3845202826892535,0.3978312086003822,0.4066167750790346,0.41094051846758156,0.4135374188617048
3,0.0003290654043171279,0.0038730773802607785,0.0005981637153781255,0.0008828477511610541,0.0011790711632745582,0.00152790655375868,0.0019309911596178593,0.0023640058231305327,0.0028352141933965934,0.0033314735413109697
4,0.6070922735026684,0.7453529820499808,0.6903101867067312,0.7238570146746589,0.7355731359323079,0.7401985487059904,0.7429846080410661,0.7439817485283235,0.7445096978060675,0.7452837299724185
5,0.6070922735026684,0.8428122082821774,0.7735280999107939,0.8085172759037511,0.8177967089835896,0.8244077125134421,0.8310768005929738,0.8347620954936982,0.8372498407167703,0.8411041331054396
6,0.5574623773040003,0.7489028766934489,0.6051902042591157,0.6378554193496873,0.6659590898024955,0.6878960940222675,0.7045327745458801,0.718618074531933,0.7304818710232922,0.740991252700429
