,top1,top10,top2,top3,top4,top5,top6,top7,top8,top9
0,0.6759667903031442,0.3301825594315851,0.5945418016495297,0.5322054765221111,0.4813332394322112,0.44522043288417307,0.4151994616335665,0.3884382007650707,0.3667362121852356,0.3474319782010289
1,0.09956499807233277,0.2962163619501118,0.15424220227544233,0.18880579982303186,0.21214028300952578,0.23192868726547416,0.2487822149575808,0.2620156196399859,0.2753214315313179,0.28662197742878326
2,0.1514185173817409,0.24694856905684204,0.20486017175328136,0.22872631834880425,0.23850103388036248,0.24522964435418831,0.24839506457711757,0.24857024102032044,0.24921453884347317,0.24842012224491816
3,0.00027124060753145896,0.005582706075711524,0.000677457419561007,0.0011715875400708337,0.0017306621074520139,0.002312930402572982,0.002924840776106635,0.003568169979818285,0.004222321017166307,0.004894828525293667
4,0.6759667903031442,0.7300598351054064,0.7088370737280311,0.7202623623435634,0.7244619922166404,0.7261486911226923,0.7274297241393701,0.7285257961660023,0.7294000058315577,0.7297108359348663
5,0.6759667903031442,0.7270515603623204,0.741707357152918,0.7492644449769594,0.7472799974067883,0.7411778131076223,0.7369796929242314,0.7345321152953853,0.7318874226567063,0.7286664019458747
6,0.5496468787324005,0.6458317177938158,0.5768007729097201,0.5938704001505983,0.6053067934882344,0.6149644563099892,0.6231458775255154,0.6295106086447784,0.6359059247443787,0.6412960824554277
