,top1,top10,top2,top3,top4,top5,top6,top7,top8,top9
0,0.5648152495422321,0.30077761866754293,0.5067197990515987,0.4618344105878732,0.42729167644803356,0.3978883985163625,0.3723860927221415,0.3531475879708191,0.3314721837488458,0.31554146169268993
1,0.08479681557689502,0.29067703369986586,0.13572949770416448,0.17083721558075438,0.19965524569920917,0.22229994429280842,0.24059009575269552,0.25766428396582425,0.26892418790761813,0.2798369384721443
2,0.1277869451838343,0.23084085019301204,0.17883524762561864,0.2037674041557656,0.21846098289517782,0.22686386868663333,0.23082901842988318,0.23393860452694604,0.23223572477773996,0.23176290145334816
3,0.0003641854375991717,0.005832318493289282,0.0008256079648811991,0.001349371725608141,0.0019134650374995495,0.0025141305059604253,0.003143442552141558,0.003778524321964528,0.004462102886662954,0.005138693020307674
4,0.5648152495422321,0.646879291380647,0.6109255911858147,0.6265562154717752,0.6351012175845504,0.639017676886239,0.6419396972210485,0.6434432330454445,0.6444074312863635,0.6460400501017138
5,0.5648152495422321,0.66671348856094,0.6570359328293973,0.6686735165036386,0.6733753682139635,0.6718717110050918,0.6713384883707655,0.6688955960677316,0.6676397086345622,0.6682582500924813
6,0.5422163150696478,0.6428757303468335,0.5674658328621272,0.5847845847056867,0.5989462397571804,0.61001304361448,0.6188970946706565,0.6271732850955853,0.6325350117703497,0.637727628194369
