,top1,top10,top2,top3,top4,top5,top6,top7,top8,top9
0,0.49289677136641785,0.20057944817440598,0.3772164577366699,0.32296638861501026,0.28919736059595913,0.26352880416921054,0.24957157613033476,0.2351013014248381,0.22232704587069813,0.21028199898099958
1,0.07041397299116495,0.21987855011091123,0.10042856735238276,0.12317049050275812,0.14252703083559895,0.15821403886102275,0.17772039895637354,0.1894461706344429,0.19928867076570142,0.20937656360019108
2,0.10602441727148826,0.15550099094180198,0.12851428327005474,0.1400764346076823,0.14724002186681495,0.1500212708122235,0.15577957499809483,0.15655042484887752,0.1562888243759869,0.15576160962171448
3,0.00042271283616896404,0.006662169059821808,0.0010378284612565622,0.0016921823718563898,0.0023691232725560766,0.003068427599584977,0.0037520408959617795,0.004461465900382848,0.005184057839720339,0.005922856343060753
4,0.49289677136641785,0.5996700317984474,0.5498986650390472,0.5669097662383733,0.5805234726721652,0.5868301067864428,0.5914834290603105,0.5945835634283447,0.5971230508064689,0.5988280517367857
5,0.49289677136641785,0.6210137376847527,0.6069005587116767,0.6200262146826906,0.6329735811209798,0.6324060381443503,0.6276788665552779,0.626333716399426,0.6249389962758063,0.6242897477774446
6,0.5349956300774976,0.6069214832966725,0.5497119509314351,0.5607783340624326,0.5701449612220119,0.577671490102655,0.5871079346753475,0.592660146186045,0.5972695801944546,0.6019929078846852
