,top1,top10,top2,top3,top4,top5,top6,top7,top8,top9
0,0.509030157910387,0.2304458738281923,0.4128705181776922,0.3649832282162434,0.330334855314021,0.3035381160304873,0.28499023167493526,0.2671556791175086,0.2515205134826361,0.2408248604959724
1,0.07587044351273706,0.24873809125114058,0.11531320130683685,0.14122836324872895,0.1660658061295692,0.18533228523672288,0.20301822352002258,0.21674050765154676,0.22641476794390808,0.23861173676778777
2,0.11398732773620339,0.17884405834262318,0.1460433310902547,0.16041719275207839,0.17082945928535354,0.17589553602563354,0.1795553921256536,0.17982864874115415,0.17865806997304232,0.17947902460318818
3,0.0004095742881435438,0.006413637044298556,0.0009788937724350961,0.0015869261633325567,0.0022320522808464104,0.0029022341492225515,0.0035754905806313396,0.004275583596371301,0.004990279191987292,0.005694125711948262
4,0.509030157910387,0.6290684011917991,0.5803245848787894,0.6003776911800764,0.6138490787256576,0.6190093366407396,0.6229701381389843,0.6254708144506375,0.6266964197216205,0.6280227730715431
5,0.509030157910387,0.6537727412645624,0.6516190118471915,0.6651922155080989,0.6751969447547976,0.6730090143573502,0.6684957901621836,0.6650782549669021,0.6609345663999947,0.6561217907603885
6,0.5377304346122963,0.6215311906550625,0.557182161956658,0.5698618072759007,0.581985426376511,0.5913201080336714,0.5998660833717093,0.6064266567030339,0.6109676636468291,0.6167671117300242
