,top1,top10,top2,top3,top4,top5,top6,top7,top8,top9
0,0.930131696323771,0.6140648230746356,0.8940765998403681,0.8497021247737243,0.8100204234940607,0.7723296868397582,0.735555529471911,0.700409028816466,0.6686359003552592,0.6409538441206588
1,0.13925467716197837,0.5482774189830414,0.24356710497362238,0.31465092391493005,0.372625579179836,0.4182731709168056,0.45478976127276594,0.48430767804178426,0.5087590225126997,0.5309953119156725
2,0.20998127297429145,0.46114923698621574,0.318495116052939,0.37637139634545963,0.414451565795213,0.43810581066568177,0.45189425284642465,0.4589093029365785,0.4617293028726772,0.4631147883333427
3,5.7629021564700655e-05,0.0031895915832651158,0.00017516157738855026,0.0003723785511367706,0.0006272602461452358,0.0009397512013273961,0.0013101852338589818,0.0017320500457348254,0.0021897704151420698,0.002670117120232245
4,0.930131696323771,0.9525788527220519,0.9465565676009828,0.9500556885821452,0.9512778703747176,0.9514191133125707,0.9518853584675337,0.9521841093590354,0.9523606630313517,0.9524376097841987
5,0.930131696323771,0.9426414462295901,0.9629814388781947,0.9600491980869718,0.955427521040337,0.951458965554989,0.9496323163367388,0.9479984464256714,0.9458832503992022,0.9435789841322655
6,0.5695985240702062,0.7733662152146037,0.6217102703749795,0.6571951626574827,0.6861128041377789,0.7088584344134199,0.7270283909888278,0.7416906550557886,0.7538162276397959,0.7648304279024639
