,top1,top10,top2,top3,top4,top5,top6,top7,top8,top9
0,0.29166666666666663,0.25763888888888886,0.27604166666666663,0.2881944444444444,0.28385416666666663,0.275,0.2795138888888889,0.26190476190476186,0.2630208333333333,0.2627314814814815
1,0.03448948268921095,0.2574740535475676,0.08208786231884058,0.12121430116269963,0.15384905645370495,0.17533549825264672,0.2017148618942386,0.20702433645238338,0.23582792332936875,0.25456745741132303
2,0.058341041934791935,0.21154687201555183,0.1169353773054431,0.15317239133415603,0.17675970551231196,0.18705633393286777,0.20298650402979132,0.19653197103982498,0.20797408937554598,0.21421177784045292
3,0.07235863095238095,0.7841145833333334,0.18574735449735447,0.254286541005291,0.32852595899470893,0.4080398478835979,0.48173776455026457,0.5706762566137566,0.6453497023809524,0.7238425925925926
4,0.29166666666666663,0.40879629629629627,0.328125,0.3697916666666667,0.3854166666666667,0.39375,0.3989583333333333,0.3989583333333333,0.4041666666666667,0.40879629629629627
5,0.29166666666666663,0.47226341479948725,0.3645833333333333,0.43576058906250426,0.4542906997560934,0.46315051209421937,0.4572149024413553,0.45261460774475404,0.4614631545374748,0.47136246741665205
6,0.46544042586841505,0.25439455259991195,0.4322432017291619,0.41743699953257074,0.39742043018453876,0.3729388861892403,0.3527135776364885,0.3217552473877395,0.2994680897268863,0.2763545120253921
