,top1,top10,top2,top3,top4,top5,top6,top7,top8,top9
0,0.44791666666666663,0.27326388888888886,0.3541666666666667,0.3402777777777778,0.30729166666666663,0.3229166666666667,0.3125,0.3050595238095238,0.29296875,0.2847222222222222
1,0.11205011465476311,0.4250071582749658,0.19808875587957459,0.2413901285858675,0.2583811507630599,0.3014758435751729,0.33497865442173375,0.3608425763794057,0.40042177611485547,0.4229870869614163
2,0.13973985145860146,0.24546416999534984,0.1805281956973686,0.2027049712743447,0.19746741725862665,0.2247799301394361,0.23714455106601015,0.24473097496799556,0.24999659805193786,0.2530845926943259
3,0.05667576058201058,0.7716435185185185,0.1347635582010582,0.2410342261904762,0.3234623015873016,0.3814980158730158,0.45689484126984126,0.5329365079365079,0.6201388888888889,0.7044270833333334
4,0.44791666666666663,0.590500992063492,0.49479166666666663,0.5607638888888888,0.5607638888888888,0.5732638888888889,0.5732638888888889,0.5792162698412698,0.5870287698412698,0.590500992063492
5,0.44791666666666663,0.6881612410890319,0.5416666666666666,0.660771457793905,0.6532424854280041,0.6714369905029487,0.651224460098904,0.6661382960597201,0.6891015143286183,0.6990235790417921
6,0.5120621770363762,0.3768098588055755,0.5177865001409221,0.49142445860702005,0.467808159467298,0.46168731336990376,0.4454200455610945,0.4288985614824441,0.41301778507575126,0.39466305033572513
