,top1,top10,top2,top3,top4,top5,top6,top7,top8,top9
0,0.40625,0.27534722222222224,0.34375,0.3194444444444444,0.2838541666666667,0.30208333333333337,0.2725694444444444,0.269345238095238,0.2747395833333333,0.2777777777777778
1,0.16319031084656085,0.42001125592851996,0.21146853540470562,0.24325370440729482,0.25658743312825183,0.29821344064015776,0.30720181731470464,0.33474685555947115,0.37571494418380985,0.3946474993147634
2,0.18326282154407153,0.24376612335245026,0.1901171979649423,0.19542696333457205,0.18607874638246674,0.20948473001935208,0.20055831551669717,0.20991750830145872,0.23018811352571142,0.23671096217327695
3,0.06226025132275132,0.771267361111111,0.1390459656084656,0.21105737433862432,0.3012979497354497,0.3630745701058201,0.49295634920634923,0.5726066468253969,0.6416377314814815,0.713599537037037
4,0.40625,0.5519386574074074,0.4895833333333333,0.4895833333333333,0.5052083333333333,0.5281250000000001,0.5350694444444445,0.5350694444444445,0.5441840277777777,0.5488136574074074
5,0.40625,0.6546976338147745,0.5729166666666666,0.5383163310639909,0.5693940885595004,0.6142650197816222,0.6303180244314739,0.6166532691779404,0.6347464982695666,0.6463447364189203
6,0.5348400297619048,0.3653045759005049,0.5263066786628954,0.5119501215453676,0.4841095539951128,0.4770158367019033,0.43120941764119136,0.4104641039404978,0.3945510485381517,0.37963287927742617
