,top1,top10,top2,top3,top4,top5,top6,top7,top8,top9
0,0.29166666666666663,0.27534722222222224,0.2552083333333333,0.28125,0.3203125,0.28125,0.2743055555555555,0.2708333333333333,0.28255208333333337,0.2789351851851852
1,0.03395530789147811,0.42507711205820586,0.11004945327910176,0.14542546079100774,0.2287181349695804,0.24095358470503012,0.26105113761508303,0.3175036839113794,0.3810596862473019,0.4041404387777826
2,0.055885684791934793,0.24720609583267042,0.1094822773300217,0.13813280732718072,0.19024249521533326,0.18336819984902936,0.19113649164266544,0.20962582467644175,0.23666253056398717,0.24270711063266073
3,0.07143270502645503,0.7730034722222222,0.15559689153439152,0.22135830026455022,0.27722387566137563,0.37006861772486777,0.44784639550264554,0.5652653769841269,0.6322131283068784,0.7132523148148148
4,0.29166666666666663,0.4649305555555556,0.359375,0.390625,0.42447916666666663,0.42447916666666663,0.44357638888888895,0.4539930555555556,0.4618055555555556,0.4618055555555556
5,0.29166666666666663,0.5963581789569512,0.42708333333333337,0.4573993847284276,0.5201549507402005,0.520496968417791,0.5645826602331736,0.5828995099235926,0.5903790697642122,0.5888993686090302
6,0.46563630143251156,0.33186662608653844,0.46011433534295276,0.44585596615196427,0.45353770112764247,0.42236548013160624,0.4004385675019721,0.37052347696228505,0.36430683078261156,0.34589678272249386
