,top1,top10,top2,top3,top4,top5,top6,top7,top8,top9
0,0.5416666666666666,0.2795138888888889,0.4427083333333333,0.42013888888888884,0.3828125,0.3541666666666667,0.3385416666666667,0.3273809523809524,0.30859375,0.2951388888888889
1,0.1459042813214298,0.42370669243645653,0.2384161368319555,0.2947383428715818,0.3182397817154408,0.3405383435751729,0.372795683407241,0.3974141343504202,0.40673000592852004,0.42304531677508084
2,0.1862142104329604,0.24768954878322863,0.2293707882899612,0.25895497127434475,0.25596910076031015,0.25366648476128484,0.2618691679242477,0.2660760042077616,0.25888589423962116,0.25719707328438807
3,0.04756117724867725,0.7641782407407408,0.11393022486772489,0.21369047619047618,0.28874007936507934,0.3645709325396825,0.4404017857142857,0.5168774801587301,0.6065972222222222,0.6934895833333334
4,0.5416666666666666,0.6769593253968254,0.6145833333333334,0.6631944444444444,0.6710069444444444,0.6710069444444444,0.6710069444444444,0.6769593253968254,0.6769593253968254,0.6769593253968254
5,0.5416666666666666,0.7437463862274168,0.6875,0.7583659395275357,0.7714580602151375,0.7603942847159333,0.7312860755317854,0.742983438042444,0.7437550280702977,0.7436873178624268
6,0.5335465520363762,0.40951776080695573,0.5492101112520332,0.5335065518609883,0.5183785959752345,0.5011156367826022,0.48623537078538714,0.47110088851833093,0.44938985201847037,0.4290294236966637
