,top1,top10,top2,top3,top4,top5,top6,top7,top8,top9
0,0.3333333333333333,0.26284722222222223,0.3125,0.34375,0.34375,0.3125,0.27951388888888884,0.26041666666666663,0.26171875,0.2638888888888889
1,0.11546572455814476,0.4020975007525366,0.19341297984915007,0.24235545561502433,0.2902616563636453,0.30631309376973115,0.3159443768385142,0.3255756599072973,0.35134105233983814,0.38454624413878
2,0.12517750408375408,0.23098810276192966,0.16624931747941477,0.19869886504397374,0.22414234901650282,0.21823415769292837,0.2075523631357448,0.20215235678630722,0.2113173141861621,0.22538778480450336
3,0.07180886243386243,0.7835937500000001,0.1474165013227513,0.20481564153439155,0.26907242063492065,0.3900421626984127,0.48635912698412703,0.5795510912698413,0.6538773148148149,0.7272280092592592
4,0.3333333333333333,0.5274884259259259,0.4375,0.49652777777777773,0.5147569444444444,0.5147569444444444,0.5147569444444444,0.5147569444444444,0.5147569444444444,0.5274884259259259
5,0.3333333333333333,0.6556077829402757,0.5416666666666666,0.6264824383928644,0.6575357352774398,0.6548361158425507,0.6546807666720398,0.6438615725723806,0.6367585928903007,0.6588003345397707
6,0.5062034310621412,0.35011067013664554,0.5090101330314927,0.5075030072147662,0.502052676134352,0.46134470209135836,0.4315745760200643,0.40349715828210375,0.3849706915418761,0.3657979387482114
