,top1,top10,top2,top3,top4,top5,top6,top7,top8,top9
0,0.16666666666666666,0.2701388888888889,0.234375,0.27777777777777773,0.2786458333333333,0.2625,0.25347222222222227,0.24404761904761904,0.2526041666666667,0.2627314814814815
1,0.004788641224811437,0.41011542259518674,0.02763283800517843,0.16121612208713273,0.22001116033189924,0.2442471215475089,0.25667465166120923,0.2797607958411034,0.31849134995888584,0.359454046933811
2,0.009258700664950666,0.23755219838852532,0.04642221997374585,0.1326461527780262,0.16076189266729649,0.1674820775290835,0.16800365843373818,0.17496417378672072,0.19668783512054172,0.21879566668445205
3,0.08821511243386243,0.7769097222222222,0.15997437169312168,0.2272982804232804,0.3043444113756614,0.42380952380952375,0.5060722552910053,0.5931878306878307,0.6617270171957672,0.7271412037037037
4,0.16666666666666666,0.39295634920634914,0.25520833333333337,0.3350694444444444,0.3506944444444444,0.36736111111111114,0.36736111111111114,0.37628968253968254,0.38670634920634916,0.38670634920634916
5,0.16666666666666666,0.5664548678299761,0.34375,0.4949102534598284,0.511528495461315,0.5454124678758322,0.5189508520127601,0.539389194636002,0.5580425139238614,0.5580764751248394
6,0.44266176439547456,0.2883206998575075,0.41716067192366507,0.43884218802769337,0.4286152145323281,0.3871695655003573,0.3609753350712544,0.33438427924532615,0.31493513702360765,0.2972717090876034
