,top1,top10,top2,top3,top4,top5,top6,top7,top8,top9
0,0.20833333333333331,0.2534722222222222,0.24479166666666669,0.2743055555555555,0.2708333333333333,0.24583333333333335,0.2378472222222222,0.24553571428571425,0.24088541666666669,0.25
1,0.011733085669255882,0.3136124464047105,0.03501131022740065,0.11000084430935494,0.1643936008080897,0.17648217589533502,0.1893818768385142,0.22209171371549954,0.2551604967842826,0.29085285645762055
2,0.02116346256971257,0.21207645885028575,0.056541267592793466,0.11574800462987803,0.14426883711174093,0.14434375751576348,0.1487395324479141,0.1670751877727347,0.17982370966266625,0.2002014438782727
3,0.08127066798941798,0.7921875,0.15311673280423277,0.22252397486772485,0.29844163359788356,0.42635582010582007,0.5120907738095238,0.5853174603174602,0.6665881283068783,0.7385127314814816
4,0.20833333333333331,0.38190310846560843,0.265625,0.3350694444444445,0.3585069444444445,0.3585069444444445,0.3585069444444445,0.36743551587301587,0.3726438492063492,0.38190310846560843
5,0.20833333333333331,0.5019387231462458,0.32291666666666663,0.454360365327387,0.4964340961608915,0.4892536218234147,0.46142521013592075,0.4734951012524727,0.48601556223488357,0.5036241690896947
6,0.449606208839919,0.24155939578652924,0.42463680039588725,0.42159681765732304,0.40812186962492064,0.35828961476805143,0.32809816873711106,0.3068414945315674,0.2792601424764389,0.2595908861674188
