,top1,top10,top2,top3,top4,top5,top6,top7,top8,top9
0,0.44791666666666663,0.27326388888888886,0.3541666666666667,0.3298611111111111,0.30729166666666663,0.3229166666666667,0.3125,0.3050595238095238,0.29296875,0.2847222222222222
1,0.11205011465476311,0.4250071582749658,0.19808875587957459,0.23915798572872463,0.2583811507630599,0.3014758435751729,0.33497865442173375,0.3608425763794057,0.40042177611485547,0.4229870869614163
2,0.13973985145860146,0.24546416999534984,0.1805281956973686,0.19902850068610942,0.19746741725862665,0.2247799301394361,0.23714455106601015,0.24473097496799556,0.24999659805193786,0.2530845926943259
3,0.05667576058201058,0.7716435185185185,0.1347635582010582,0.24415922619047623,0.3234623015873016,0.3814980158730158,0.45689484126984126,0.5329365079365079,0.6201388888888889,0.7044270833333334
4,0.44791666666666663,0.5878968253968253,0.49479166666666663,0.5503472222222222,0.5581597222222222,0.5706597222222222,0.5706597222222222,0.5766121031746031,0.5844246031746031,0.5878968253968253
5,0.44791666666666663,0.6861154636894778,0.5416666666666666,0.641054902994797,0.6491509306288961,0.6693912131033947,0.64917868269935,0.664092518660166,0.6870557369290642,0.6969778016422381
6,0.5120621770363762,0.37658664451986124,0.5177865001409221,0.4889691014641629,0.46758494518158367,0.4614640990841895,0.44519683127538023,0.42867534719672984,0.412794570790037,0.39443983605001076
