,top1,top10,top2,top3,top4,top5,top6,top7,top8,top9
0,0.19791666666666666,0.27326388888888886,0.21875,0.27777777777777773,0.26041666666666663,0.25625,0.23958333333333331,0.23958333333333331,0.2526041666666667,0.27314814814814814
1,0.008694891224811437,0.41662583926185337,0.025028671338511763,0.16121612208713273,0.21799108901834965,0.24288842589533502,0.2530103490607364,0.28349343472999233,0.31849134995888584,0.39330821360047774
2,0.01620314510939511,0.24138517097149786,0.041957934259460136,0.1326461527780262,0.1572032967579543,0.16524993467194066,0.16246307742145907,0.17458538590793282,0.19668783512054172,0.2331354935242789
3,0.08509011243386243,0.7730034722222223,0.16388062169312168,0.2272982804232804,0.34948330026455027,0.42728174603174596,0.5189690806878307,0.5953207671957672,0.6617270171957672,0.7180266203703705
4,0.19791666666666666,0.4019469246031745,0.25520833333333337,0.34548611111111105,0.35329861111111105,0.37621527777777775,0.37621527777777775,0.38067956349206344,0.3950024801587301,0.4019469246031745
5,0.19791666666666666,0.5580672180959521,0.3125,0.4833768082589365,0.484370050260423,0.5318732819166748,0.5180135068979989,0.5266312947735093,0.5426680471626486,0.5576944238753625
6,0.4461773893954745,0.29254662925932656,0.41445884900699836,0.4389072921943601,0.40631935136520136,0.38430880125202505,0.3531580160455996,0.3308953648971452,0.3144410143420934,0.30654321140608914
