,top1,top10,top2,top3,top4,top5,top6,top7,top8,top9
0,0.19791666666666666,0.28055555555555556,0.25,0.3055555555555555,0.2734375,0.2520833333333333,0.24826388888888887,0.25595238095238093,0.26171875,0.2766203703703704
1,0.008694891224811437,0.4264844702142343,0.08752867133851176,0.18204945542046608,0.23404472514671404,0.2436944774826366,0.26299298794962533,0.30128857361888123,0.32934204440333026,0.39721446360047774
2,0.01620314510939511,0.24975935397803384,0.0836246009261268,0.15579430092617433,0.17107565125530882,0.16472852625579537,0.17188768059606224,0.19157256539511233,0.20654646607292268,0.2368119641125142
3,0.08509011243386243,0.7646701388888889,0.15867228835978836,0.21572420634920633,0.34068700396825397,0.4265873015873016,0.5082051917989419,0.5783068783068782,0.6516575727513227,0.7149016203703704
4,0.19791666666666666,0.42559523809523814,0.28645833333333337,0.3836805555555555,0.3993055555555555,0.3993055555555555,0.3993055555555555,0.408234126984127,0.4186507936507937,0.42559523809523814
5,0.19791666666666666,0.5922506087788362,0.375,0.5590211781250085,0.5854976975260491,0.5794806319968482,0.5615467728534917,0.5738652680728196,0.5767553654302318,0.5907091903814101
6,0.4461773893954745,0.31379513457429475,0.44570884900699836,0.4576187119474465,0.42329665192209887,0.394118607823607,0.3694110683182397,0.3527980120771927,0.3348028629110298,0.3253642613639145
