,top1,top10,top2,top3,top4,top5,top6,top7,top8,top9
0,0.19791666666666666,0.27743055555555557,0.265625,0.3055555555555555,0.2916666666666667,0.26458333333333334,0.2725694444444445,0.26190476190476186,0.26302083333333337,0.2627314814814815
1,0.008694891224811437,0.41997405354756767,0.09013283800517843,0.18204945542046608,0.2386123508080897,0.2489594231348105,0.2744697905500981,0.304066351396659,0.3358524610699969,0.359454046933811
2,0.01620314510939511,0.24592638139506126,0.0880888866404125,0.15579430092617433,0.1775277656831695,0.17176836142063054,0.1863568330369128,0.19536044418299112,0.20958466051736713,0.21879566668445205
3,0.08509011243386243,0.7685763888888889,0.15476603835978836,0.21572420634920633,0.2958953373015873,0.4199900793650793,0.4890583664021164,0.5723544973544973,0.6478381283068783,0.7271412037037037
4,0.19791666666666666,0.4308531746031746,0.30208333333333337,0.3888888888888889,0.4045138888888889,0.4045138888888889,0.4097222222222222,0.4141865079365079,0.42460317460317465,0.42460317460317465
5,0.19791666666666666,0.6019342370489211,0.40625,0.5705546233259005,0.589218642726941,0.5830409603957991,0.5656775894142291,0.5776040614142885,0.5959556159630655,0.5945536454218108
6,0.4461773893954745,0.313671711211123,0.4488012969236651,0.4579442327807798,0.4467238179273898,0.40034403088836434,0.3833274211603196,0.359217557464021,0.338900359686747,0.3186327650840761
