,top1,top10,top2,top3,top4,top5,top6,top7,top8,top9
0,0.3125,0.25659722222222225,0.3229166666666667,0.3298611111111111,0.2890625,0.26875,0.26041666666666663,0.25148809523809523,0.25520833333333337,0.26157407407407407
1,0.038729613447033656,0.2566928035475676,0.07552757863089732,0.12050719207793098,0.13522280054353947,0.15396866694565584,0.17286334287158175,0.17970512419301157,0.21055484202237787,0.24784690407666818
2,0.06521108161733162,0.2107892962579761,0.11162461663753959,0.15526780196217538,0.15909535724376478,0.16630721377198288,0.1752408319688948,0.1736216860681365,0.1885732645059711,0.20893945831481658
3,0.06738177910052909,0.7871527777777779,0.16983300264550266,0.23560267857142858,0.3232390873015873,0.4090525793650793,0.49347718253968254,0.5768973214285714,0.6494874338624339,0.7247974537037036
4,0.3125,0.43263888888888885,0.36458333333333337,0.3888888888888889,0.3993055555555556,0.41180555555555554,0.4239583333333334,0.4239583333333334,0.42916666666666664,0.43263888888888885
5,0.3125,0.501303090238499,0.41666666666666663,0.4472940342633962,0.4658241449569853,0.4921608855360007,0.5105072225566147,0.49319036466835864,0.5000310292859181,0.5020498106275024
6,0.47004891717325226,0.23819850220234218,0.4376359473171357,0.42671978320827764,0.39471971937522743,0.36454463900778555,0.3363164832435184,0.3064205555244548,0.2832761710152677,0.26177934774196193
