,top1,top10,top2,top3,top4,top5,top6,top7,top8,top9
0,0.22916666666666666,0.2732638888888889,0.24479166666666669,0.2881944444444444,0.2708333333333333,0.26041666666666663,0.2743055555555555,0.25297619047619047,0.2604166666666667,0.2766203703703704
1,0.031123793341213554,0.41662583926185337,0.1083766041877744,0.21064788430147474,0.2208502807022696,0.2493803732948622,0.29641312683851423,0.29911843472999233,0.33021009995888584,0.40112071360047774
2,0.05200423637923638,0.24138517097149786,0.11046213080987516,0.16846989262750134,0.16167584966800722,0.17342665378615976,0.19986387107225273,0.18860053742308436,0.20580241845387504,0.23794318583197122
3,0.1136780753968254,0.7730034722222223,0.19587466931216932,0.2617311507936508,0.3445064484126984,0.42814980158730154,0.49240658068783066,0.5852513227513227,0.655129794973545,0.7149016203703704
4,0.22916666666666666,0.44765625,0.3385416666666667,0.3975694444444444,0.4131944444444444,0.4194444444444444,0.4263888888888888,0.4263888888888888,0.44071180555555556,0.44765625
5,0.22916666666666666,0.5906718377801023,0.44791666666666663,0.5308101975260491,0.5537883841807411,0.5457492816977811,0.5441854788225083,0.5446803723329927,0.5760021044464235,0.5908911673991116
6,0.4430978589721941,0.3171082792396668,0.4391659352250553,0.45284412788706896,0.42510135583922526,0.4013039003064395,0.3898362748222362,0.359450070433041,0.3416719351557669,0.3324503474975405
