,top1,top10,top2,top3,top4,top5,top6,top7,top8,top9
0,0.375,0.2638888888888889,0.3020833333333333,0.26388888888888884,0.28385416666666663,0.275,0.2673611111111111,0.2604166666666667,0.2669270833333333,0.2662037037037037
1,0.042320451956350424,0.2899695245620604,0.07950216491931339,0.10996678132142979,0.15384905645370495,0.17533549825264672,0.19795041227381072,0.2345098868319555,0.26441714434386154,0.2848307855686729
2,0.07198191495066496,0.22291050837918824,0.11655272424421859,0.1379998324115971,0.17675970551231196,0.18705633393286777,0.19721029986996647,0.2048629310155218,0.2176767103432879,0.22388108837593196
3,0.060784556878306875,0.7784722222222222,0.17677744708994708,0.26354580026455027,0.32852595899470893,0.4080398478835979,0.49038111772486775,0.5741112764550265,0.6428323412698412,0.7213252314814815
4,0.375,0.45418320105820104,0.375,0.38541666666666663,0.421875,0.4302083333333333,0.4354166666666666,0.44434523809523807,0.44955357142857144,0.45418320105820104
5,0.375,0.4904827559147851,0.375,0.3870275913318468,0.4560858608834516,0.47040107962038835,0.48695528964590706,0.4972414309015194,0.48522624207177,0.4927583206675843
6,0.47514294753902175,0.26713854815703986,0.4363290140485735,0.409602409702746,0.3969429556545376,0.3724614116592392,0.3471459142909249,0.32638150819245193,0.30789876575330344,0.2861466469243074
