,top1,top10,top2,top3,top4,top5,top6,top7,top8,top9
0,0.375,0.28055555555555556,0.3697916666666667,0.3194444444444444,0.3151041666666667,0.29166666666666674,0.29340277777777773,0.2991071428571428,0.2916666666666667,0.2962962962962963
1,0.13737379334121355,0.42518238688090093,0.20691937901046945,0.21581969207793097,0.2451743055249646,0.27563892192708106,0.3073070921373997,0.3677444267934844,0.39215206424460014,0.42452101121952535
2,0.16013915701415704,0.2491280408467207,0.1957937634629364,0.17691132048069388,0.18935150326277844,0.1977795540678526,0.2118393366444164,0.23860937361613105,0.24447642937652725,0.25873275165830173
3,0.10002066798941799,0.7638888888888888,0.16471147486772486,0.2470527447089947,0.31933283730158735,0.4040757275132275,0.4747850529100529,0.5457547949735451,0.6247106481481481,0.6932002314814816
4,0.375,0.5424355158730159,0.46354166666666663,0.48437499999999994,0.5026041666666667,0.5109375,0.5230902777777777,0.5424355158730159,0.5424355158730159,0.5424355158730159
5,0.375,0.6584111234309602,0.5520833333333333,0.5780607568638422,0.5958880243533643,0.5999354000967785,0.6201741192166362,0.6623524622263854,0.6638456958995796,0.6581408963370452
6,0.5030515626758978,0.36814079746905015,0.5084625485771042,0.4811560772760255,0.4659628449903598,0.4438434469714582,0.42845715969999276,0.4206104201769746,0.4014904156867375,0.3876572828896222
