,top1,top10,top2,top3,top4,top5,top6,top7,top8,top9
0,0.22916666666666666,0.26284722222222223,0.30208333333333337,0.29513888888888884,0.3125,0.2791666666666667,0.265625,0.25148809523809523,0.2526041666666667,0.26041666666666663
1,0.06728864122481144,0.39954994640471053,0.10332728244962289,0.17287286811887875,0.2525012396969786,0.2581360104363978,0.2675253461056537,0.28670524028554784,0.3150563301176159,0.3767903564576206
2,0.07175870066495066,0.22939247616630304,0.10743412473565062,0.1474882007083094,0.19419443234983616,0.18263359268059864,0.17941238859246836,0.1827001877727347,0.19584328036973697,0.21925738793421679
3,0.0830067791005291,0.7855902777777778,0.14521742724867723,0.21653439153439152,0.2820064484126984,0.4099206349206349,0.49368799603174596,0.5819031084656084,0.6577339616402117,0.7319155092592593
4,0.22916666666666666,0.4497974537037037,0.3541666666666667,0.3923611111111111,0.4262152777777778,0.4262152777777778,0.4262152777777778,0.4262152777777778,0.4301215277777778,0.4497974537037037
5,0.22916666666666666,0.6104485486236144,0.47916666666666663,0.5437717374628016,0.5986644335245215,0.5955755139861527,0.5808622039329958,0.5671678008476628,0.5672048104463607,0.613030725318269
6,0.4765159310621412,0.3113455290021283,0.46415141266440574,0.46005581236631765,0.46302741691328053,0.4154075505091756,0.3890517652961222,0.36064984913068765,0.3382606854142602,0.3259264985496846
