,top1,top10,top2,top3,top4,top5,top6,top7,top8,top9
0,0.3855810504343459,0.499247840041433,0.4791468850297803,0.5280519959508134,0.5536178815534438,0.5582867075247386,0.5489159009047891,0.5396367951338017,0.529067480558411,0.5148049476108139
1,0.05444434580517893,0.4608231932431859,0.12353208142173192,0.19256926764775398,0.2507872291603713,0.2977262762007314,0.3382370580271152,0.37742228216747187,0.4124257232554622,0.4386448047153428
2,0.0810451658265686,0.379796765077646,0.15933445784714234,0.22533562432867893,0.27523402647488454,0.3093137173324528,0.332968401953816,0.3525279048643758,0.3675915911777221,0.3756361279509396
3,0.0005178642227135901,0.004205360225356797,0.0008766178472208541,0.001191390581149445,0.0015018931322697058,0.0018562875051242721,0.002274467504821271,0.0027072907346438278,0.0031652680374301607,0.0036680238622195543
4,0.3855810504343459,0.606162664189922,0.5232229877661202,0.576004972547666,0.5940414113037181,0.5988101917608996,0.6028917483435743,0.6045982473329592,0.605298615369496,0.6055346871353129
5,0.3855810504343459,0.7496755963387444,0.6608649250978946,0.7163193669634742,0.7294218408123525,0.7314925882417552,0.7399016337477229,0.7429066013281138,0.7451988753803345,0.7465974051357953
6,0.5269632407912326,0.7286508806663166,0.5613215536882163,0.595676713914597,0.6246376040395591,0.6479559590499292,0.6680417111198491,0.6874606545487305,0.7047885358577808,0.7177307895921674
