,top1,top10,top2,top3,top4,top5,top6,top7,top8,top9
0,0.10014478196385551,0.11179247133787956,0.10550348026021518,0.1107994004692662,0.10974100115354735,0.10954658526441347,0.10906286702293232,0.10923667451019078,0.11142889793067728,0.11089378557969895
1,0.0037167589928699734,0.05409720676858937,0.007602142441471194,0.01230982244358733,0.01613040935489051,0.020361185401014552,0.02391911119900759,0.027390316500896263,0.03922789704005483,0.045801363399887135
2,0.006509413521192314,0.051768604079800794,0.012587825792260546,0.019084999557711993,0.023803218032130077,0.028427590322730813,0.03229571334298326,0.036232812429039016,0.04313057560828931,0.0470376676481242
3,0.0007562550624691576,0.007466717833684269,0.0015033125050060616,0.0022412335769613936,0.002992151195919435,0.003741359855486555,0.004492472508644012,0.005240482139032636,0.005975091890948926,0.006726383587019193
4,0.10014478196385551,0.14645499054031388,0.11599330628644072,0.12464425750525113,0.12936193267573287,0.13328399368033922,0.1358572413215834,0.1381573295472168,0.14287304290247016,0.1444294163169965
5,0.10014478196385551,0.18487902272736856,0.13184183060902593,0.1437872588195236,0.1506721184229854,0.15642708537755967,0.16057614786656774,0.16510178948222137,0.17608564652358696,0.17976464030271655
6,0.5014802519652002,0.5232766242449448,0.5030493251645701,0.5050334449327939,0.5065686400047483,0.5083090696212349,0.5097135350181603,0.5110763778323174,0.5166050203324872,0.5195107007432347
