,top1,top10,top2,top3,top4,top5,top6,top7,top8,top9
0,0.8832661084648403,0.565861079940047,0.8258045404251646,0.7795959445355596,0.7422758429920036,0.7044756852620597,0.6726600121894123,0.6407770581964084,0.6134691857682075,0.5895208985636892
1,0.13827230427875836,0.5138597412471604,0.22817375151507013,0.28955451850412234,0.3458251922461341,0.3900472767623201,0.42282786967864544,0.44918223838531657,0.47365982343193036,0.49577496917166153
2,0.20649120535614404,0.4231787893834114,0.2954218155988003,0.343108399346994,0.3793301849316679,0.4010977876879416,0.41253289131001,0.4174505995958242,0.42113824768378605,0.4235234087044823
3,9.764082802471659e-05,0.0036304728373846486,0.0002912230068932887,0.0005522856927870432,0.0008615118645289452,0.001235658299697835,0.001641738517394676,0.0021021205808245203,0.0025851773252176646,0.0030885380112724257
4,0.8832661084648403,0.9273120669759982,0.9161441698775044,0.9228856209406774,0.9249710305284607,0.9260978971956505,0.9267982652321873,0.9270006124600303,0.9270871775569832,0.9272428148984357
5,0.8832661084648403,0.9106439184424757,0.9490222312901682,0.9400725333325253,0.9305238285898594,0.9243095276544618,0.9218834047837866,0.9189996032752017,0.9158594112342553,0.9131117186303592
6,0.5690873317253664,0.7558810823900761,0.6139613494059527,0.6445649765155822,0.6725958924741472,0.6945902593488675,0.7108714284723934,0.7239286255461403,0.7360414937285823,0.746970868024775
