,top1,top10,top2,top3,top4,top5,top6,top7,top8,top9
0,0.5620581011198041,0.21933820125085346,0.4462374345734621,0.3766044378876217,0.33565383377931934,0.3028677815008679,0.27703119809363896,0.2589475589973893,0.24477102673561793,0.2311898976106842
1,0.09044291831989891,0.25179125381178097,0.12763812630931612,0.15491634677363428,0.17807101448943435,0.19672339634553104,0.20990229884623376,0.22173318899785904,0.2339443760859883,0.2432848590090553
2,0.13256351399995978,0.17483462719030796,0.1596997116058972,0.17094513084568616,0.17813343760732125,0.18067914815544991,0.17975643342257003,0.17931927638231882,0.17847633065110727,0.17677137745704247
3,0.0003697951343439651,0.006581064499250649,0.0009338778279681071,0.0015766696134977796,0.002240369727588658,0.002938519506826172,0.0036572027532290456,0.004373240936940853,0.0050931944437874735,0.005833017762265167
4,0.5620581011198041,0.6642677154094919,0.619858082286378,0.6397253851043296,0.6493417129001124,0.6552342211201181,0.6570966377102738,0.6598824153345941,0.6618025419893852,0.6632872001583403
5,0.5620581011198041,0.6776939163917862,0.6776580634529518,0.6992481953904168,0.6995008661356242,0.6991349583329636,0.6921794254840548,0.6885715709264677,0.6846341225631327,0.6817801836226383
6,0.5450365615927775,0.6230405234916222,0.5633742312993403,0.5767223792789279,0.588003416767301,0.5970234942441451,0.6033079926684862,0.608923085612875,0.6147254772310915,0.6190919208442545
