,top1,top10,top2,top3,top4,top5,top6,top7,top8,top9
0,0.6265233495248483,0.333331240730423,0.56462317453093,0.5167355917750243,0.47689962568565447,0.4455506030620014,0.4156121909814048,0.39164866467645165,0.3695603768254691,0.3502016746054796
1,0.1022172717110687,0.35028993559016164,0.16706444331951542,0.21520673278195487,0.24892642015563166,0.27651358656314434,0.29663957608387626,0.31490299861946847,0.32781175474064106,0.3397490292004156
2,0.1519198205717382,0.26507632590629,0.21229653273901725,0.2445410810077771,0.2595927218579134,0.2683561673806114,0.2709394068838124,0.2716282826949582,0.2698515465377929,0.26743853870170864
3,0.0003170893918294959,0.005622698993840391,0.0007373455910277144,0.001225980034921634,0.0017676630257873363,0.00234032788241818,0.0029594210246339002,0.003593173104852831,0.004254690193449957,0.004932794771897742
4,0.6265233495248483,0.7215059198864415,0.6843782615178172,0.7023465271946828,0.7113017232584968,0.7142416995597689,0.7169120570548185,0.7184206929654539,0.719644375214165,0.7208055518499048
5,0.6265233495248483,0.7389183700624311,0.742233173510786,0.753842366223336,0.7590876325757079,0.7522994663463916,0.7496468628505861,0.7455791145585842,0.74349288318224,0.7417656889408077
6,0.5509500911596192,0.672926672337446,0.5831790424165738,0.6070352521339237,0.6236715343074974,0.63723644383446,0.6470631763463248,0.6559559261181638,0.6621729660065339,0.6678992708214366
