,top1,top10,top2,top3,top4,top5,top6,top7,top8,top9
0,0.9046871689436802,0.5653655254133545,0.844557532193388,0.8062472044132993,0.7641608727723588,0.7233279448808403,0.6864790386582234,0.650087833270369,0.6190802225483195,0.5909883363545283
1,0.13976907151697662,0.5224079566164848,0.2331243516109972,0.30479157663154877,0.3597387000050094,0.40342360783147435,0.437732050029382,0.46383712584920456,0.4865681026636388,0.5057304537127287
2,0.2087283479147669,0.42931321994332183,0.3021274113571145,0.35999910720625994,0.39504309392521403,0.4157176771289498,0.4269092984044183,0.43088079861812206,0.43206737507934023,0.4315097603530029
3,8.028517505204149e-05,0.003640820017229776,0.0002606093763990014,0.00048697429888413526,0.0007902521389538255,0.0011590093385267053,0.0015756584326901378,0.002051447178006702,0.0025520895312911517,0.0030832747798258996
4,0.9046871689436802,0.9376498266315856,0.9288773316173989,0.9354036369438581,0.93645811262912,0.9370246848670803,0.9373735610085299,0.9374747346224515,0.9376498266315856,0.9376498266315856
5,0.9046871689436802,0.9158507419515649,0.9530674942911176,0.9450203729558256,0.9371234196365625,0.9302333324830478,0.9264356372115335,0.9233935211961736,0.92056205751899,0.91797689317649
6,0.5698443931709619,0.7602019693646993,0.6164510831307888,0.6522088431096952,0.679588971636387,0.7013239805411474,0.7183662278394998,0.7312976029268589,0.7425395608063485,0.7519938638938073
