,top1,top10,top2,top3,top4,top5,top6,top7,top8,top9
0,0.5341532413111203,0.20490277243728094,0.42349509153829856,0.35514741079626105,0.31572473378167354,0.2846456569334482,0.2589475122875029,0.24172282129208544,0.22847569899476589,0.21778764788817206
1,0.08743687049081338,0.23724067859312503,0.12452939495906018,0.14818190768429002,0.16911544358129865,0.18662466057549926,0.19695716016981263,0.20746954360154393,0.22042776180650192,0.23110782219175047
2,0.12778603788540524,0.16252067917466217,0.15499226085309115,0.16291718609083114,0.16796871013691356,0.16988962128463098,0.1673929860717075,0.1664124328313839,0.16655054821426596,0.16587205923069315
3,0.0003931664973054626,0.006703053906278232,0.0009724841122826086,0.0016310914964186068,0.0023076556207583636,0.0030158145459934288,0.0037486781557826607,0.004475390595086973,0.005203799593992673,0.005934956896671951
4,0.5341532413111203,0.641379671004209,0.5982408402846986,0.6173894647906484,0.6278910617082443,0.6322380518913208,0.6344545761302017,0.6373392852938967,0.6391689232212782,0.6409578807301042
5,0.5341532413111203,0.6628689803708538,0.6623284392582769,0.682674474249458,0.6854284225614439,0.6813212019653568,0.6763798065223524,0.6746211308074024,0.6701289459620877,0.6676231827097913
6,0.5435218519967538,0.6156883265770137,0.5617993596813367,0.5733284682658302,0.5834924447928567,0.5919341693966822,0.5967900656513124,0.6017386329653776,0.6079022472886269,0.6129327301414524
