,top1,top10,top2,top3,top4,top5,top6,top7,top8,top9
0,0.9145394050206775,0.5075102210573399,0.8358382444107885,0.7608462224593836,0.7142140379650483,0.6712452818343763,0.6311470210489696,0.5939098529086997,0.5610124536030698,0.5312950945028196
1,0.14331414167739678,0.46439449977114017,0.22441948384566998,0.2782576263102904,0.3277798166646674,0.3634807130111336,0.3910760648776806,0.41327087729305084,0.4338269044830879,0.44865948240353937
2,0.21212959093443387,0.3744285660671697,0.29138888410515695,0.329317911401539,0.35754256269507323,0.372169614567565,0.37886229515061703,0.37995574294293843,0.3795368680569916,0.3762436669699994
3,7.146209552670696e-05,0.004121076448681059,0.00027393070694087577,0.0005990208494578722,0.0009546097950453628,0.0013734725126515054,0.001850000616949163,0.0023767432520800276,0.0029371395590504215,0.0035290021994447765
4,0.9145394050206775,0.9427814284667985,0.9355661406386101,0.9381367725262164,0.9409343210419069,0.942196552959856,0.9423119730891266,0.9424131467030481,0.942499711800001,0.942499711800001
5,0.9145394050206775,0.9083252233493614,0.9565928762565425,0.9459204785513423,0.9373718194905313,0.9315929006667563,0.9240753771321958,0.9201995610063711,0.9155714664336615,0.9116709522263905
6,0.5716213397909344,0.7309147153236754,0.6120985439666307,0.6389035103544601,0.6635407817132817,0.6812587453016359,0.6949121368762354,0.7058535831792343,0.7159635287033194,0.7232152194750194
