,top1,top10,top2,top3,top4,top5,top6,top7,top8,top9
0,0.7051529038789011,0.3375885759575619,0.6154979479412711,0.5590460608058091,0.5071768105592743,0.46272472593441266,0.42898752023939385,0.40032745498755085,0.3762788583020097,0.3561806334832166
1,0.10191896438426186,0.3155131581945175,0.16376760869163162,0.20511623444241744,0.2343200867793251,0.2538821059445664,0.2702239165544646,0.28424901040507655,0.29665238953218737,0.3072717373522267
2,0.1551088807903698,0.25670853199182625,0.21583692639498178,0.24518824526960017,0.2581123664955162,0.2615469081994235,0.2627822630219868,0.2625797051687279,0.2615718417359917,0.2598864912634679
3,0.0002492231171659187,0.005583864321264988,0.0006498484539059487,0.0011161333936897037,0.0016623067205072688,0.0022651357442857404,0.0028884082452070715,0.0035387478247823055,0.004206551340141955,0.004884638296055281
4,0.7051529038789011,0.7541596601837082,0.7376925521646669,0.7442345520129532,0.7496408243286015,0.7509030562465504,0.7517188444123578,0.7524180914116213,0.7531184594481583,0.7537410088139687
5,0.7051529038789011,0.7492544148467929,0.7702322004504328,0.7651540568906434,0.7670308979106453,0.7630464026366859,0.7595993425629803,0.7557129748938121,0.7528720113252368,0.7506268637711717
6,0.5508348706335475,0.6555450342556881,0.5815755725324032,0.6020503665816489,0.6164280487144356,0.6259725627225651,0.6339035261975765,0.6406683027099624,0.6466182284982196,0.6516769283069472
