,top1,top10,top2,top3,top4,top5,top6,top7,top8,top9
0,0.9341183210000549,0.5886538416265805,0.8816927326516679,0.8382751458936594,0.7948235543383582,0.7539142137436932,0.7163954130144212,0.6798135378703211,0.6456154901006804,0.6160686181932635
1,0.14408904387849905,0.5381257811887584,0.24354768748960717,0.31599831861667294,0.3698642255794228,0.41549623587896806,0.4506820549334406,0.47812597273775603,0.5015876566845537,0.5225570391996481
2,0.2149748700177452,0.4451813950924601,0.315835743394156,0.3743539990303667,0.408851508975156,0.4304645424714175,0.44312019567289707,0.44831753068901475,0.4490985665668279,0.44855137801066325
3,5.533952300071197e-05,0.0034416649438354426,0.00019781834058643218,0.0004054075529921948,0.0006862432293336665,0.001028671883510805,0.0014227581095819896,0.0018741164403224134,0.0023710918494570282,0.0028905179008466104
4,0.9341183210000549,0.9548355405623048,0.9498883727135043,0.952684613352376,0.9533889050193696,0.9543741286270693,0.9544921645099778,0.9545933381238992,0.9546799032208522,0.9548355405623048
5,0.9341183210000549,0.934196870531645,0.9656584244269538,0.9560954714343496,0.9513209523380558,0.9472910517331045,0.9430998577101453,0.9408818545489633,0.9382917526204375,0.9360643697838511
6,0.5720168521777487,0.7681906648342699,0.6216933751892048,0.6578559010319399,0.6847125745297112,0.7074353279576914,0.7249306120908383,0.7385457039163736,0.7501587643143713,0.7605226553925823
