,top1,top10,top2,top3,top4,top5,top6,top7,top8,top9
0,0.9446630778526756,0.6102755958032853,0.9027037737477733,0.8548217494683481,0.8160391146720237,0.7780225687223878,0.7393842908299528,0.7043051194409166,0.6705415787119506,0.6386342888681367
1,0.14295185015490405,0.5469684911414697,0.24517115228659153,0.31805902151424764,0.37664920384377243,0.42302313529617075,0.4588189414189676,0.48829664540129813,0.5120862980347773,0.5295378128806949
2,0.2145771651029634,0.45810317989879623,0.32016111627400123,0.3789727034830179,0.41823325546820816,0.4416546485877128,0.45462655058676793,0.4615145121001515,0.46309376570663624,0.4605406712647188
3,4.621406113813636e-05,0.003256507288397654,0.00016209884420798982,0.0003632108291930044,0.0006135784257989019,0.0009257780996350872,0.001305147380332042,0.0017280805495339276,0.0022013010361765853,0.002716321984350054
4,0.9446630778526756,0.960588645461873,0.9572697025103387,0.9593629593590357,0.9595360895529416,0.9601026617909016,0.9601026617909016,0.9602038354048232,0.9603808892291859,0.9603808892291859
5,0.9446630778526756,0.9446312253982829,0.969876327168002,0.9640362644390239,0.9577931393594977,0.9548763145179258,0.952293760586174,0.9500047291516147,0.9477346521249584,0.945963004747641
6,0.5714528180468824,0.7727151992866563,0.6225213598641725,0.6589060506943372,0.6881350483366178,0.7112453050468671,0.7290549404529688,0.7436995544434456,0.7554915661296318,0.7641147249369025
