,top1,top10,top2,top3,top4,top5,top6,top7,top8,top9
0,0.08904875503205606,0.10142702439713419,0.09501365423398964,0.09961443791377952,0.0994321525821412,0.09976340508345563,0.0994911705235954,0.10041635324332898,0.10145061522525563,0.10092776421945474
1,0.0023974478931535624,0.03309011164220417,0.005116540892732879,0.00835948571633812,0.010917158632194668,0.01376134609660817,0.01732630052328022,0.0205327980293709,0.025798985538509865,0.02900747216189123
2,0.004394081251631491,0.041257438442837205,0.009120725720249589,0.01430867962838217,0.018143075116418134,0.022102227135931584,0.026262686653574792,0.030153876536432197,0.03457317897159748,0.03754359903109995
3,0.000765383774581403,0.007553997579696743,0.0015208978582082551,0.0022694553746255603,0.003026769801164088,0.003782338365402457,0.004541144874795096,0.005292764018471049,0.006042310550544069,0.006801943561098244
4,0.08904875503205606,0.13034959064701168,0.10484234852824623,0.11303685073725017,0.11705415787119507,0.12000982869429427,0.12268803345025753,0.1250825690661722,0.12727023827273568,0.1286639990027751
5,0.08904875503205606,0.16250730194992066,0.12063594202443638,0.13172609702266616,0.13648411582194253,0.14030745333672787,0.1445842238601672,0.14942526199608064,0.15411083940898349,0.1577177536443272
6,0.5008160320592858,0.5127551734615313,0.5017976839237527,0.5030442922270726,0.5039447532177795,0.5049888555077205,0.5063902450902774,0.507616887018289,0.5098685391618853,0.5110930893489747
