,top1,top10,top2,top3,top4,top5,top6,top7,top8,top9
0,0.520098797014902,0.23354860985772916,0.43359942087214454,0.3854705348431463,0.34719421186035015,0.3162865976630865,0.29181249493197753,0.2729280148335655,0.25744459833795014,0.24362519040506755
1,0.07430782474190469,0.25689988624520077,0.11821054442770412,0.1512604988615633,0.1733251673472725,0.19279307469277074,0.20736496747951821,0.22353951103228523,0.23476869606568906,0.24644293318651103
2,0.11111788041305783,0.18316915472341214,0.1507126011989368,0.1713274675715923,0.17889312584743863,0.18342788270955684,0.18416940247416957,0.18586007017654607,0.1850504143782468,0.18405695307214556
3,0.00040464388284598875,0.006460710534526581,0.0009559511193968709,0.001554638843953473,0.002201521163982924,0.0028819099654595164,0.003581722880362438,0.00429075233586346,0.005007751230866815,0.005738820994392823
4,0.520098797014902,0.6418106351000009,0.5904583192736576,0.6159076403548011,0.6257245637576874,0.6303391455379168,0.6348823826376737,0.6369846077845577,0.6388201311576243,0.6406947545980902
5,0.520098797014902,0.6634821661295847,0.6608178415324131,0.6863517800933072,0.6871439878337131,0.6815092756791937,0.6826672793231384,0.6777619654240599,0.6741979824299713,0.6710117479934126
6,0.5369515904295291,0.6256067144531993,0.5586399327688903,0.5748871818909702,0.5856313591588569,0.5950647920913706,0.6020506610161457,0.6098292889759571,0.6151456713419778,0.6206758503069344
