,top1,top10,top2,top3,top4,top5,top6,top7,top8,top9
0,0.5768521497571273,0.30021089513705235,0.5093490304709141,0.4637646187931437,0.42733093076361695,0.40122142616119866,0.3734668413990099,0.3523201547928267,0.3308513101002095,0.3149646393704061
1,0.09116444770211649,0.2972879269121579,0.14180528565410233,0.1782835154419608,0.2072307745358523,0.23166169234837777,0.24987045374739697,0.2649449902654795,0.27597285058798793,0.2870462641917141
2,0.13599377078045569,0.23420928067311947,0.1830732004141126,0.2086554013102179,0.22294053255609517,0.2333065071274204,0.23661005138766045,0.23786913941029936,0.2360945085629906,0.23552663932083556
3,0.0003589580591000447,0.005904085116020181,0.000830052698373072,0.0013596279046216003,0.00193473022838114,0.0025279893236349084,0.0031734723313522097,0.0038266064698798934,0.004517935287287625,0.005202444410838441
4,0.5768521497571273,0.6571004585789806,0.6230999819512999,0.6387389190136517,0.6466200212399196,0.6499755100065656,0.6523231488965443,0.6543197162804132,0.6553702683352185,0.6565401641497511
5,0.5768521497571273,0.6725994791683664,0.6693478141454725,0.6809712856421883,0.6860175617898067,0.6822997228165123,0.6807503622459202,0.6792264273576523,0.678074522991607,0.6764413301604137
6,0.545402744821508,0.6461827558109101,0.5705044379764306,0.5885072973955003,0.6027313003278661,0.6146956975754165,0.6235357117768519,0.6308127402840681,0.6360592551730967,0.6413315519359111
