,top1,top10,top2,top3,top4,top5,top6,top7,top8,top9
0,0.48999081870473116,0.20363426271060103,0.39718813023314214,0.3401696054658784,0.3050068467351471,0.2780512112247227,0.25473222530009254,0.23770278162978664,0.22520805050497122,0.21434618801862837
1,0.06908160889594431,0.22397554668380013,0.10605422139327227,0.12991579973505435,0.15334034208517075,0.16943357961372624,0.18155017107050284,0.19362416106513525,0.20608249839352166,0.21701034313708267
2,0.10397652483831324,0.15729808380796292,0.13637374200198477,0.14768451726631807,0.15646689306445533,0.15980718183281853,0.15923996162072607,0.15919312421130616,0.15964305152662872,0.1593842610372414
3,0.0004299769382099648,0.006711764705050003,0.0010164853985478082,0.0016684816612789351,0.0023430764399063717,0.0030419838643706027,0.0037680689454803644,0.0044974955045305135,0.0052246806765258325,0.00595976924476435
4,0.48999081870473116,0.6067046825976028,0.5565100876539044,0.579184094125279,0.5924832395585656,0.5962636575036817,0.5984801817425628,0.602163069444896,0.6040812342844586,0.6057949888761963
5,0.48999081870473116,0.6382327393797853,0.6230293566030777,0.6501759911249892,0.6593240727009216,0.6531521625978405,0.6477444857221574,0.6492090715152141,0.6450002531322576,0.6427225560267481
6,0.5343258159788671,0.6089795457631675,0.5525322095525302,0.5641612780374619,0.5755610650060041,0.5832951698754731,0.5890356230159134,0.5947533230150642,0.6006633256204372,0.6058088079142653
