,top1,top10,top2,top3,top4,top5,top6,top7,top8,top9
0,0.4703805136816994,0.26221641960873554,0.4325763342305369,0.3987906063055357,0.36549010068035753,0.3452139555688091,0.3241945440610623,0.30470409660650816,0.2858467783070319,0.27307378081902783
1,0.07488957422038572,0.266349452161337,0.12211993543785508,0.15710539357099118,0.18054119332629337,0.20295324008786592,0.22007732139523453,0.2335460940915782,0.24402767422599894,0.25532900806669767
2,0.1102022148061886,0.20508976751600708,0.15564395745195017,0.18022987512260327,0.19102055373124027,0.20080299258527437,0.2048888514414821,0.2057534763013866,0.20446170282155807,0.2048262034766503
3,0.0004483867988411226,0.00622625159726399,0.0009596944729865986,0.0015243798544472692,0.0021440571586715156,0.0027649489891170115,0.0034238077157163703,0.00410861923303166,0.004822784128797115,0.005521820615614369
4,0.4703805136816994,0.5740389300745526,0.5316430987263896,0.5503143481934298,0.5597810875780477,0.564134355569855,0.5674001239867225,0.5700082172032137,0.5715761980245081,0.5730521370146703
5,0.4703805136816994,0.613028180765551,0.5929056837710798,0.6089965319369783,0.6166424774806388,0.6147551524119725,0.6144247289385506,0.6146779140664331,0.6146945818179974,0.6147676040314449
6,0.5372205937107719,0.6304706187165355,0.560591560000173,0.5778235728089037,0.5892675902157043,0.6002008118785767,0.6084823278560633,0.6149322987248391,0.6198826897642122,0.6252477277857909
