,top1,top10,top2,top3,top4,top5,top6,top7,top8,top9
0,0.0350340963486695,0.04077554479608888,0.03327925262687059,0.03572138561701706,0.03763104925725676,0.03781045725989342,0.03827109147552045,0.039220610046063406,0.04054655191355457,0.040240100026419055
1,0.0013249798970413934,0.015957803116618742,0.0024262132114820727,0.003977989018132844,0.005625059990673795,0.007717195866492908,0.00966927771502397,0.011103731707935384,0.013048948757023825,0.014210044034868044
2,0.0023787126951075894,0.01794687272552855,0.004119098130030716,0.00629978361025684,0.008496669898121492,0.010387815490104677,0.01198954459645136,0.0134417520170654,0.015399384899146367,0.016357819106772198
3,0.0008142089556210106,0.008093907429558962,0.0016315264140110077,0.0024411136961478763,0.0032487298064449843,0.004060363405932637,0.004869808161104066,0.005675118662038458,0.006476610293582527,0.007288593609754452
4,0.0350340963486695,0.0856361330678717,0.04766426278907347,0.05816716758348831,0.0663827593061975,0.07115781757210977,0.07558563454259623,0.07869959582869503,0.08176861052661472,0.08339495535095379
5,0.0350340963486695,0.13021157852427268,0.06029442922947745,0.0784955102009813,0.09330929215485863,0.10167797896565167,0.11013952119903239,0.115460679089854,0.12119571517903245,0.12435236487364144
6,0.5002553854707101,0.5039296641922006,0.5003974417383763,0.5007682562263812,0.5011875935483708,0.5018266738115814,0.5023971706099252,0.502712169277778,0.5032829485652064,0.5034590871524756
